timeSinceBootSeconds,stage1TempC,stage1FilteredTempC,stage1SetTempC,dataQStage1Heatsink,dataQStage1PeltierTop,dataQStage1PeltierBottom,dataQLiquidStg1,pcrTempC,pcrFilteredTempC,pcrModeledTempC,pcrExpectedTempC,pcrSetTempC,dataQPcrPeltierTop,dataQPcrPeltierBottom,dataQPcrHeatsink,pcrPTerm,pcrITerm,pcrDTerm,pcrFFTerm,pidOutput,415nm,445nm,480nm,515nm,555nm,590nm,630nm,680nm,Clear,Nir,QDotRatio,FluorTemp,qDotPredictedTempC
1036.262,,,,,,,23.41,,,,,,,,,,,,,,,,,,,,,,,,,,
1038.516,,,,,,,23.6,,,,,,,,,,,,,,,,,,,,,,,,,,
1039.618,,,,,,,23.92,,,,,,,,,,,,,,,,,,,,,,,,,,
1040.574,33.0,,90.0,,,,,,,,,,,,,,,,,,,,,,,,,,,,,,
1040.75,33.0,,90.0,,,,,,,,,,,,,,,,,,,,,,,,,,,,,,
1040.825,,,,,,,24.11,,,,,,,,,,,,,,,,,,,,,,,,,,
1040.898,33.5,,90.0,,,,,,,,,,,,,,,,,,,,,,,,,,,,,,
1041.05,34.4,,90.0,,,,,,,,,,,,,,,,,,,,,,,,,,,,,,
1041.198,35.5,,90.0,,,,,,,,,,,,,,,,,,,,,,,,,,,,,,
1041.348,36.7,,90.0,,,,,,,,,,,,,,,,,,,,,,,,,,,,,,
1041.507,38.0,,90.0,,,,,,,,,,,,,,,,,,,,,,,,,,,,,,
1041.648,39.2,,90.0,,,,,,,,,,,,,,,,,,,,,,,,,,,,,,
1041.799,40.3,,90.0,,,,23.78,,,,,,,,,,,,,,,,,,,,,,,,,,
1041.948,41.4,,90.0,,,,,,,,,,,,,,,,,,,,,,,,,,,,,,
1042.098,42.7,,90.0,,,,,,,,,,,,,,,,,,,,,,,,,,,,,,
1042.25,44.0,,90.0,,,,,,,,,,,,,,,,,,,,,,,,,,,,,,
1042.398,45.5,,90.0,,,,,,,,,,,,,,,,,,,,,,,,,,,,,,
1042.549,46.6,,90.0,,,,,,,,,,,,,,,,,,,,,,,,,,,,,,
1042.698,48.1,,90.0,,,,24.38,,,,,,,,,,,,,,,,,,,,,,,,,,
1042.848,49.3,,90.0,,,,,,,,,,,,,,,,,,,,,,,,,,,,,,
1042.998,50.6,,90.0,,,,,,,,,,,,,,,,,,,,,,,,,,,,,,
1043.148,51.6,,90.0,,,,,,,,,,,,,,,,,,,,,,,,,,,,,,
1043.298,52.9,,90.0,,,,,,,,,,,,,,,,,,,,,,,,,,,,,,
1043.448,54.1,,90.0,,,,,,,,,,,,,,,,,,,,,,,,,,,,,,
1043.598,55.2,,90.0,,,,,,,,,,,,,,,,,,,,,,,,,,,,,,
1043.748,56.3,,90.0,,,,24.26,,,,,,,,,,,,,,,,,,,,,,,,,,
1043.898,57.6,,90.0,,,,,,,,,,,,,,,,,,,,,,,,,,,,,,
1044.048,58.8,,90.0,,,,,,,,,,,,,,,,,,,,,,,,,,,,,,
1044.198,59.9,,90.0,,,,,,,,,,,,,,,,,,,,,,,,,,,,,,
1044.348,61.0,,90.0,,,,,,,,,,,,,,,,,,,,,,,,,,,,,,
1044.498,62.1,,90.0,,,,,,,,,,,,,,,,,,,,,,,,,,,,,,
1044.648,63.3,,90.0,,,,,,,,,,,,,,,,,,,,,,,,,,,,,,
1044.798,64.4,,90.0,,,,23.92,,,,,,,,,,,,,,,,,,,,,,,,,,
1044.948,65.5,,90.0,,,,,,,,,,,,,,,,,,,,,,,,,,,,,,
1045.098,66.8,,90.0,,,,,,,,,,,,,,,,,,,,,,,,,,,,,,
1045.248,67.4,,90.0,,,,,,,,,,,,,,,,,,,,,,,,,,,,,,
1045.398,68.6,,90.0,,,,,,,,,,,,,,,,,,,,,,,,,,,,,,
1045.548,69.6,,90.0,,,,,,,,,,,,,,,,,,,,,,,,,,,,,,
1045.698,70.6,,90.0,,,,,,,,,,,,,,,,,,,,,,,,,,,,,,
1045.849,71.5,,90.0,,,,23.82,,,,,,,,,,,,,,,,,,,,,,,,,,
1045.998,72.6,,90.0,,,,,,,,,,,,,,,,,,,,,,,,,,,,,,
1046.148,73.5,,90.0,,,,,,,,,,,,,,,,,,,,,,,,,,,,,,
1046.298,74.2,,90.0,,,,,,,,,,,,,,,,,,,,,,,,,,,,,,
1046.448,74.8,,90.0,,,,,,,,,,,,,,,,,,,,,,,,,,,,,,
1046.598,75.4,,90.0,,,,,,,,,,,,,,,,,,,,,,,,,,,,,,
1046.748,76.1,,90.0,,,,23.95,,,,,,,,,,,,,,,,,,,,,,,,,,
1046.898,76.9,,90.0,,,,,,,,,,,,,,,,,,,,,,,,,,,,,,
1047.048,77.7,,90.0,,,,,,,,,,,,,,,,,,,,,,,,,,,,,,
1047.198,78.4,,90.0,,,,,,,,,,,,,,,,,,,,,,,,,,,,,,
1047.349,79.3,,90.0,,,,,,,,,,,,,,,,,,,,,,,,,,,,,,
1047.498,80.4,,90.0,,,,,,,,,,,,,,,,,,,,,,,,,,,,,,
1047.648,80.7,,90.0,,,,,,,,,,,,,,,,,,,,,,,,,,,,,,
1047.798,81.3,,90.0,,,,24.16,,,,,,,,,,,,,,,,,,,,,,,,,,
1047.948,81.7,,90.0,,,,,,,,,,,,,,,,,,,,,,,,,,,,,,
1048.098,82.4,,90.0,,,,,,,,,,,,,,,,,,,,,,,,,,,,,,
1048.248,83.0,,90.0,,,,,,,,,,,,,,,,,,,,,,,,,,,,,,
1048.399,83.6,,90.0,,,,,,,,,,,,,,,,,,,,,,,,,,,,,,
1048.549,83.8,,90.0,,,,,,,,,,,,,,,,,,,,,,,,,,,,,,
1048.699,84.0,,90.0,,,,,,,,,,,,,,,,,,,,,,,,,,,,,,
1048.849,84.6,,90.0,,,,25.73,,,,,,,,,,,,,,,,,,,,,,,,,,
1048.998,84.8,,90.0,,,,,,,,,,,,,,,,,,,,,,,,,,,,,,
1049.149,84.8,,90.0,,,,,,,,,,,,,,,,,,,,,,,,,,,,,,
1049.299,84.8,,90.0,,,,,,,,,,,,,,,,,,,,,,,,,,,,,,
1049.449,85.0,,90.0,,,,,,,,,,,,,,,,,,,,,,,,,,,,,,
1049.599,85.2,,90.0,,,,,,,,,,,,,,,,,,,,,,,,,,,,,,
1049.749,85.8,,90.0,,,,28.01,,,,,,,,,,,,,,,,,,,,,,,,,,
1049.899,86.3,,90.0,,,,,,,,,,,,,,,,,,,,,,,,,,,,,,
1050.049,86.5,,90.0,,,,,,,,,,,,,,,,,,,,,,,,,,,,,,
1050.199,86.5,,90.0,,,,,,,,,,,,,,,,,,,,,,,,,,,,,,
1050.349,86.7,,90.0,,,,,,,,,,,,,,,,,,,,,,,,,,,,,,
1050.498,87.3,,90.0,,,,,,,,,,,,,,,,,,,,,,,,,,,,,,
1050.648,87.6,,90.0,,,,,,,,,,,,,,,,,,,,,,,,,,,,,,
1050.798,88.0,,90.0,,,,31.1,,,,,,,,,,,,,,,,,,,,,,,,,,
1050.948,88.4,,90.0,,,,,,,,,,,,,,,,,,,,,,,,,,,,,,
1051.098,88.9,,90.0,,,,,,,,,,,,,,,,,,,,,,,,,,,,,,
1051.248,89.1,,90.0,,,,,,,,,,,,,,,,,,,,,,,,,,,,,,
1051.399,89.6,,90.0,,,,,,,,,,,,,,,,,,,,,,,,,,,,,,
1051.548,89.8,,90.0,,,,,,,,,,,,,,,,,,,,,,,,,,,,,,
1051.698,90.0,,90.0,,,,,,,,,,,,,,,,,,,,,,,,,,,,,,
1051.848,90.3,,90.0,,,,31.31,,,,,,,,,,,,,,,,,,,,,,,,,,
1051.999,90.3,,90.0,,,,,,,,,,,,,,,,,,,,,,,,,,,,,,
1052.149,90.3,,90.0,,,,,,,,,,,,,,,,,,,,,,,,,,,,,,
1052.299,90.3,,90.0,,,,,,,,,,,,,,,,,,,,,,,,,,,,,,
1052.449,90.5,,90.0,,,,,,,,,,,,,,,,,,,,,,,,,,,,,,
1052.599,90.8,,90.0,,,,,,,,,,,,,,,,,,,,,,,,,,,,,,
1052.749,90.8,,90.0,,,,,,,,,,,,,,,,,,,,,,,,,,,,,,
1052.9,90.5,,90.0,,,,31.11,,,,,,,,,,,,,,,,,,,,,,,,,,
1053.049,90.8,,90.0,,,,,,,,,,,,,,,,,,,,,,,,,,,,,,
1053.199,91.0,,90.0,,,,,,,,,,,,,,,,,,,,,,,,,,,,,,
1053.35,90.8,,90.0,,,,,,,,,,,,,,,,,,,,,,,,,,,,,,
1053.498,91.2,,90.0,,,,,,,,,,,,,,,,,,,,,,,,,,,,,,
1053.65,91.0,,90.0,,,,,,,,,,,,,,,,,,,,,,,,,,,,,,
1053.8,91.0,,90.0,,,,30.93,,,,,,,,,,,,,,,,,,,,,,,,,,
1053.95,91.0,,90.0,,,,,,,,,,,,,,,,,,,,,,,,,,,,,,
1054.098,91.0,,90.0,,,,,,,,,,,,,,,,,,,,,,,,,,,,,,
1054.249,91.0,,90.0,,,,,,,,,,,,,,,,,,,,,,,,,,,,,,
1054.399,91.0,,90.0,,,,,,,,,,,,,,,,,,,,,,,,,,,,,,
1054.55,91.2,,90.0,,,,,,,,,,,,,,,,,,,,,,,,,,,,,,
1054.7,91.0,,90.0,,,,,,,,,,,,,,,,,,,,,,,,,,,,,,
1054.85,91.2,,90.0,,,,30.88,,,,,,,,,,,,,,,,,,,,,,,,,,
1055.0,91.2,,90.0,,,,,,,,,,,,,,,,,,,,,,,,,,,,,,
1055.15,91.2,,90.0,,,,,,,,,,,,,,,,,,,,,,,,,,,,,,
1055.3,91.2,,90.0,,,,,,,,,,,,,,,,,,,,,,,,,,,,,,
1055.45,91.2,,90.0,,,,,,,,,,,,,,,,,,,,,,,,,,,,,,
1055.6,91.2,,90.0,,,,,,,,,,,,,,,,,,,,,,,,,,,,,,
1055.75,91.2,,90.0,,,,,,,,,,,,,,,,,,,,,,,,,,,,,,
1055.9,91.2,,90.0,,,,32.1,,,,,,,,,,,,,,,,,,,,,,,,,,
1056.05,91.2,,90.0,,,,,,,,,,,,,,,,,,,,,,,,,,,,,,
1056.2,91.2,,90.0,,,,,,,,,,,,,,,,,,,,,,,,,,,,,,
1056.348,91.0,,90.0,,,,,,,,,,,,,,,,,,,,,,,,,,,,,,
1056.499,91.0,,90.0,,,,,,,,,,,,,,,,,,,,,,,,,,,,,,
1056.649,91.0,,90.0,,,,,,,,,,,,,,,,,,,,,,,,,,,,,,
1056.799,91.0,,90.0,,,,,,,,,,,,,,,,,,,,,,,,,,,,,,
1056.948,91.2,,90.0,,,,32.89,,,,,,,,,,,,,,,,,,,,,,,,,,
1057.099,91.2,,90.0,,,,,,,,,,,,,,,,,,,,,,,,,,,,,,
1057.249,91.2,,90.0,,,,,,,,,,,,,,,,,,,,,,,,,,,,,,
1057.399,91.2,,90.0,,,,,,,,,,,,,,,,,,,,,,,,,,,,,,
1057.55,91.0,,90.0,,,,,,,,,,,,,,,,,,,,,,,,,,,,,,
1057.698,91.0,,90.0,,,,,,,,,,,,,,,,,,,,,,,,,,,,,,
1057.848,91.0,,90.0,,,,30.29,,,,,,,,,,,,,,,,,,,,,,,,,,
1057.999,91.0,,90.0,,,,,,,,,,,,,,,,,,,,,,,,,,,,,,
1058.149,91.0,,90.0,,,,,,,,,,,,,,,,,,,,,,,,,,,,,,
1058.3,91.0,,90.0,,,,,,,,,,,,,,,,,,,,,,,,,,,,,,
1058.45,91.0,,90.0,,,,,,,,,,,,,,,,,,,,,,,,,,,,,,
1058.6,91.0,,90.0,,,,,,,,,,,,,,,,,,,,,,,,,,,,,,
1058.75,91.0,,90.0,,,,,,,,,,,,,,,,,,,,,,,,,,,,,,
1058.9,91.0,,90.0,,,,36.98,,,,,,,,,,,,,,,,,,,,,,,,,,
1059.05,91.0,,90.0,,,,,,,,,,,,,,,,,,,,,,,,,,,,,,
1059.2,91.0,,90.0,,,,,,,,,,,,,,,,,,,,,,,,,,,,,,
1059.348,91.2,,90.0,,,,,,,,,,,,,,,,,,,,,,,,,,,,,,
1059.5,91.0,,90.0,,,,,,,,,,,,,,,,,,,,,,,,,,,,,,
1059.65,91.0,,90.0,,,,,,,,,,,,,,,,,,,,,,,,,,,,,,
1059.8,91.0,,90.0,,,,,,,,,,,,,,,,,,,,,,,,,,,,,,
1059.95,91.0,,90.0,,,,42.06,,,,,,,,,,,,,,,,,,,,,,,,,,
1060.098,90.8,,90.0,,,,,,,,,,,,,,,,,,,,,,,,,,,,,,
1060.248,90.8,,90.0,,,,,,,,,,,,,,,,,,,,,,,,,,,,,,
1060.399,90.8,,90.0,,,,,,,,,,,,,,,,,,,,,,,,,,,,,,
1060.549,90.8,,90.0,,,,,,,,,,,,,,,,,,,,,,,,,,,,,,
1060.698,90.8,,90.0,,,,,,,,,,,,,,,,,,,,,,,,,,,,,,
1060.85,91.0,,90.0,,,,39.17,,,,,,,,,,,,,,,,,,,,,,,,,,
1060.999,90.8,,90.0,,,,,,,,,,,,,,,,,,,,,,,,,,,,,,
1061.149,90.8,,90.0,,,,,,,,,,,,,,,,,,,,,,,,,,,,,,
1061.3,90.8,,90.0,,,,,,,,,,,,,,,,,,,,,,,,,,,,,,
1061.45,91.0,,90.0,,,,,,,,,,,,,,,,,,,,,,,,,,,,,,
1061.6,91.0,,90.0,,,,,,,,,,,,,,,,,,,,,,,,,,,,,,
1061.75,91.0,,90.0,,,,,,,,,,,,,,,,,,,,,,,,,,,,,,
1061.9,91.0,,90.0,,,,39.87,,,,,,,,,,,,,,,,,,,,,,,,,,
1062.05,91.0,,90.0,,,,,,,,,,,,,,,,,,,,,,,,,,,,,,
1062.2,91.0,,90.0,,,,,,,,,,,,,,,,,,,,,,,,,,,,,,
1062.35,91.0,,90.0,,,,,,,,,,,,,,,,,,,,,,,,,,,,,,
1062.499,90.8,,90.0,,,,,,,,,,,,,,,,,,,,,,,,,,,,,,
1062.65,91.0,,90.0,,,,,,,,,,,,,,,,,,,,,,,,,,,,,,
1062.8,91.0,,90.0,,,,,,,,,,,,,,,,,,,,,,,,,,,,,,
1062.95,90.8,,90.0,,,,39.56,,,,,,,,,,,,,,,,,,,,,,,,,,
1063.1,91.0,,90.0,,,,,,,,,,,,,,,,,,,,,,,,,,,,,,
1063.249,90.8,,90.0,,,,,,,,,,,,,,,,,,,,,,,,,,,,,,
1063.399,90.8,,90.0,,,,,,,,,,,,,,,,,,,,,,,,,,,,,,
1063.549,90.8,,90.0,,,,,,,,,,,,,,,,,,,,,,,,,,,,,,
1063.7,90.8,,90.0,,,,,,,,,,,,,,,,,,,,,,,,,,,,,,
1063.85,90.8,,90.0,,,,,,,,,,,,,,,,,,,,,,,,,,,,,,
1064.0,91.0,,90.0,,,,39.98,,,,,,,,,,,,,,,,,,,,,,,,,,
1064.148,90.5,,90.0,,,,,,,,,,,,,,,,,,,,,,,,,,,,,,
1064.3,90.8,,90.0,,,,,,,,,,,,,,,,,,,,,,,,,,,,,,
1064.448,90.8,,90.0,,,,,,,,,,,,,,,,,,,,,,,,,,,,,,
1064.598,90.8,,90.0,,,,,,,,,,,,,,,,,,,,,,,,,,,,,,
1064.749,90.8,,90.0,,,,,,,,,,,,,,,,,,,,,,,,,,,,,,
1064.899,90.8,,90.0,,,,42.41,,,,,,,,,,,,,,,,,,,,,,,,,,
1065.048,91.0,,90.0,,,,,,,,,,,,,,,,,,,,,,,,,,,,,,
1065.198,91.0,,90.0,,,,,,,,,,,,,,,,,,,,,,,,,,,,,,
1065.348,90.5,,90.0,,,,,,,,,,,,,,,,,,,,,,,,,,,,,,
1065.499,90.5,,90.0,,,,,,,,,,,,,,,,,,,,,,,,,,,,,,
1065.65,90.8,,90.0,,,,,,,,,,,,,,,,,,,,,,,,,,,,,,
1065.8,90.8,,90.0,,,,,,,,,,,,,,,,,,,,,,,,,,,,,,
1065.948,90.5,,90.0,,,,42.93,,,,,,,,,,,,,,,,,,,,,,,,,,
1066.098,91.0,,90.0,,,,,,,,,,,,,,,,,,,,,,,,,,,,,,
1066.25,90.8,,90.0,,,,,,,,,,,,,,,,,,,,,,,,,,,,,,
1066.4,90.8,,90.0,,,,,,,,,,,,,,,,,,,,,,,,,,,,,,
1066.55,90.8,,90.0,,,,,,,,,,,,,,,,,,,,,,,,,,,,,,
1066.7,90.8,,90.0,,,,,,,,,,,,,,,,,,,,,,,,,,,,,,
1066.85,90.8,,90.0,,,,,,,,,,,,,,,,,,,,,,,,,,,,,,
1066.999,90.5,,90.0,,,,42.15,,,,,,,,,,,,,,,,,,,,,,,,,,
1067.15,90.8,,90.0,,,,,,,,,,,,,,,,,,,,,,,,,,,,,,
1067.3,90.8,,90.0,,,,,,,,,,,,,,,,,,,,,,,,,,,,,,
1067.45,90.8,,90.0,,,,,,,,,,,,,,,,,,,,,,,,,,,,,,
1067.6,90.5,,90.0,,,,,,,,,,,,,,,,,,,,,,,,,,,,,,
1067.75,90.5,,90.0,,,,,,,,,,,,,,,,,,,,,,,,,,,,,,
1067.9,90.5,,90.0,,,,,,,,,,,,,,,,,,,,,,,,,,,,,,
1068.048,91.0,,90.0,,,,41.81,,,,,,,,,,,,,,,,,,,,,,,,,,
1068.198,90.5,,90.0,,,,,,,,,,,,,,,,,,,,,,,,,,,,,,
1068.349,90.5,,90.0,,,,,,,,,,,,,,,,,,,,,,,,,,,,,,
1068.499,90.5,,90.0,,,,,,,,,,,,,,,,,,,,,,,,,,,,,,
1068.649,90.5,,90.0,,,,,,,,,,,,,,,,,,,,,,,,,,,,,,
1068.798,90.5,,90.0,,,,,,,,,,,,,,,,,,,,,,,,,,,,,,
1068.95,90.8,,90.0,,,,42.74,,,,,,,,,,,,,,,,,,,,,,,,,,
1069.099,90.5,,90.0,,,,,,,,,,,,,,,,,,,,,,,,,,,,,,
1069.249,90.5,,90.0,,,,,,,,,,,,,,,,,,,,,,,,,,,,,,
1069.4,90.5,,90.0,,,,,,,,,,,,,,,,,,,,,,,,,,,,,,
1069.55,90.5,,90.0,,,,,,,,,,,,,,,,,,,,,,,,,,,,,,
1069.7,90.8,,90.0,,,,,,,,,,,,,,,,,,,,,,,,,,,,,,
1069.85,90.5,,90.0,,,,,,,,,,,,,,,,,,,,,,,,,,,,,,
1070.0,90.8,,90.0,,,,43.53,,,,,,,,,,,,,,,,,,,,,,,,,,
1070.148,91.0,,90.0,,,,,,,,,,,,,,,,,,,,,,,,,,,,,,
1070.3,90.8,,90.0,,,,,,,,,,,,,,,,,,,,,,,,,,,,,,
1070.45,90.8,,90.0,,,,,,,,,,,,,,,,,,,,,,,,,,,,,,
1070.6,90.8,,90.0,,,,,,,,,,,,,,,,,,,,,,,,,,,,,,
1070.75,90.8,,90.0,,,,,,,,,,,,,,,,,,,,,,,,,,,,,,
1070.9,90.5,,90.0,,,,,,,,,,,,,,,,,,,,,,,,,,,,,,
1071.05,90.5,,90.0,,,,43.69,,,,,,,,,,,,,,,,,,,,,,,,,,
1071.2,90.8,,90.0,,,,,,,,,,,,,,,,,,,,,,,,,,,,,,
1071.35,90.5,,90.0,,,,,,,,,,,,,,,,,,,,,,,,,,,,,,
1071.5,90.5,,90.0,,,,,,,,,,,,,,,,,,,,,,,,,,,,,,
1071.65,90.5,,90.0,,,,,,,,,,,,,,,,,,,,,,,,,,,,,,
1071.8,90.5,,90.0,,,,,,,,,,,,,,,,,,,,,,,,,,,,,,
1071.95,90.5,,90.0,,,,,,,,,,,,,,,,,,,,,,,,,,,,,,
1072.1,90.5,,90.0,,,,44.25,,,,,,,,,,,,,,,,,,,,,,,,,,
1072.25,90.5,,90.0,,,,,,,,,,,,,,,,,,,,,,,,,,,,,,
1072.4,90.8,,90.0,,,,,,,,,,,,,,,,,,,,,,,,,,,,,,
1072.55,90.8,,90.0,,,,,,,,,,,,,,,,,,,,,,,,,,,,,,
1072.7,90.5,,90.0,,,,,,,,,,,,,,,,,,,,,,,,,,,,,,
1072.85,90.5,,90.0,,,,,,,,,,,,,,,,,,,,,,,,,,,,,,
1072.998,90.5,,90.0,,,,44.82,,,,,,,,,,,,,,,,,,,,,,,,,,
1073.149,90.5,,90.0,,,,,,,,,,,,,,,,,,,,,,,,,,,,,,
1073.299,90.5,,90.0,,,,,,,,,,,,,,,,,,,,,,,,,,,,,,
1073.449,90.5,,90.0,,,,,,,,,,,,,,,,,,,,,,,,,,,,,,
1073.598,90.8,,90.0,,,,,,,,,,,,,,,,,,,,,,,,,,,,,,
1073.75,90.5,,90.0,,,,,,,,,,,,,,,,,,,,,,,,,,,,,,
1073.9,90.5,,90.0,,,,,,,,,,,,,,,,,,,,,,,,,,,,,,
1074.05,90.5,,90.0,,,,45.64,,,,,,,,,,,,,,,,,,,,,,,,,,
1074.2,90.5,,90.0,,,,,,,,,,,,,,,,,,,,,,,,,,,,,,
1074.35,90.5,,90.0,,,,,,,,,,,,,,,,,,,,,,,,,,,,,,
1074.5,90.8,,90.0,,,,,,,,,,,,,,,,,,,,,,,,,,,,,,
1074.648,90.5,,90.0,,,,,,,,,,,,,,,,,,,,,,,,,,,,,,
1074.799,90.5,,90.0,,,,,,,,,,,,,,,,,,,,,,,,,,,,,,
1074.949,90.5,,90.0,,,,,,,,,,,,,,,,,,,,,,,,,,,,,,
1075.099,90.5,,90.0,,,,45.96,,,,,,,,,,,,,,,,,,,,,,,,,,
1075.248,90.5,,90.0,,,,,,,,,,,,,,,,,,,,,,,,,,,,,,
1075.398,90.3,,90.0,,,,,,,,,,,,,,,,,,,,,,,,,,,,,,
1075.548,90.5,,90.0,,,,,,,,,,,,,,,,,,,,,,,,,,,,,,
1075.699,90.5,,90.0,,,,,,,,,,,,,,,,,,,,,,,,,,,,,,
1075.848,90.8,,90.0,,,,,,,,,,,,,,,,,,,,,,,,,,,,,,
1075.999,90.5,,90.0,,,,,,,,,,,,,,,,,,,,,,,,,,,,,,
1076.149,90.5,,90.0,,,,46.31,,,,,,,,,,,,,,,,,,,,,,,,,,
1076.298,90.8,,90.0,,,,,,,,,,,,,,,,,,,,,,,,,,,,,,
1076.45,90.5,,90.0,,,,,,,,,,,,,,,,,,,,,,,,,,,,,,
1076.6,90.5,,90.0,,,,,,,,,,,,,,,,,,,,,,,,,,,,,,
1076.75,90.5,,90.0,,,,,,,,,,,,,,,,,,,,,,,,,,,,,,
1076.9,90.5,,90.0,,,,,,,,,,,,,,,,,,,,,,,,,,,,,,
1077.05,90.5,,90.0,,,,47.29,,,,,,,,,,,,,,,,,,,,,,,,,,
1077.2,90.5,,90.0,,,,,,,,,,,,,,,,,,,,,,,,,,,,,,
1077.35,90.5,,90.0,,,,,,,,,,,,,,,,,,,,,,,,,,,,,,
1077.5,90.5,,90.0,,,,,,,,,,,,,,,,,,,,,,,,,,,,,,
1077.649,90.3,,90.0,,,,,,,,,,,,,,,,,,,,,,,,,,,,,,
1077.8,90.5,,90.0,,,,,,,,,,,,,,,,,,,,,,,,,,,,,,
1077.95,90.5,,90.0,,,,,,,,,,,,,,,,,,,,,,,,,,,,,,
1078.1,90.5,,90.0,,,,47.39,,,,,,,,,,,,,,,,,,,,,,,,,,
1078.248,90.3,,90.0,,,,,,,,,,,,,,,,,,,,,,,,,,,,,,
1078.4,90.5,,90.0,,,,,,,,,,,,,,,,,,,,,,,,,,,,,,
1078.55,90.5,,90.0,,,,,,,,,,,,,,,,,,,,,,,,,,,,,,
1078.7,90.5,,90.0,,,,,,,,,,,,,,,,,,,,,,,,,,,,,,
1078.849,90.3,,90.0,,,,,,,,,,,,,,,,,,,,,,,,,,,,,,
1079.0,90.3,,90.0,,,,,,,,,,,,,,,,,,,,,,,,,,,,,,
1079.15,90.3,,90.0,,,,46.53,,,,,,,,,,,,,,,,,,,,,,,,,,
1079.3,90.3,,90.0,,,,,,,,,,,,,,,,,,,,,,,,,,,,,,
1079.45,90.3,,90.0,,,,,,,,,,,,,,,,,,,,,,,,,,,,,,
1079.6,90.5,,90.0,,,,,,,,,,,,,,,,,,,,,,,,,,,,,,
1079.75,90.5,,90.0,,,,,,,,,,,,,,,,,,,,,,,,,,,,,,
1079.9,90.5,,90.0,,,,,,,,,,,,,,,,,,,,,,,,,,,,,,
1080.05,90.5,,90.0,,,,,,,,,,,,,,,,,,,,,,,,,,,,,,
1080.2,90.5,,90.0,,,,46.42,,,,,,,,,,,,,,,,,,,,,,,,,,
1080.35,90.5,,90.0,,,,,,,,,,,,,,,,,,,,,,,,,,,,,,
1080.499,90.8,,90.0,,,,,,,,,,,,,,,,,,,,,,,,,,,,,,
1080.65,90.5,,90.0,,,,,,,,,,,,,,,,,,,,,,,,,,,,,,
1080.8,90.5,,90.0,,,,,,,,,,,,,,,,,,,,,,,,,,,,,,
1080.95,90.5,,90.0,,,,,,,,,,,,,,,,,,,,,,,,,,,,,,
1081.1,90.5,,90.0,,,,45.75,,,,,,,,,,,,,,,,,,,,,,,,,,
1081.25,90.5,,90.0,,,,,,,,,,,,,,,,,,,,,,,,,,,,,,
1081.4,90.5,,90.0,,,,,,,,,,,,,,,,,,,,,,,,,,,,,,
1081.55,90.5,,90.0,,,,,,,,,,,,,,,,,,,,,,,,,,,,,,
1081.7,90.5,,90.0,,,,,,,,,,,,,,,,,,,,,,,,,,,,,,
1081.849,90.3,,90.0,,,,,,,,,,,,,,,,,,,,,,,,,,,,,,
1082.0,90.5,,90.0,,,,,,,,,,,,,,,,,,,,,,,,,,,,,,
1082.15,90.5,,90.0,,,,45.42,,,,,,,,,,,,,,,,,,,,,,,,,,
1082.3,90.5,,90.0,,,,,,,,,,,,,,,,,,,,,,,,,,,,,,
1082.449,90.3,,90.0,,,,,,,,,,,,,,,,,,,,,,,,,,,,,,
1082.6,90.5,,90.0,,,,,,,,,,,,,,,,,,,,,,,,,,,,,,
1082.75,90.5,,90.0,,,,,,,,,,,,,,,,,,,,,,,,,,,,,,
1082.9,90.5,,90.0,,,,,,,,,,,,,,,,,,,,,,,,,,,,,,
1083.049,90.3,,90.0,,,,,,,,,,,,,,,,,,,,,,,,,,,,,,
1083.2,90.5,,90.0,,,,45.06,,,,,,,,,,,,,,,,,,,,,,,,,,
1083.35,90.5,,90.0,,,,,,,,,,,,,,,,,,,,,,,,,,,,,,
1083.5,90.5,,90.0,,,,,,,,,,,,,,,,,,,,,,,,,,,,,,
1083.648,90.8,,90.0,,,,,,,,,,,,,,,,,,,,,,,,,,,,,,
1083.8,90.5,,90.0,,,,,,,,,,,,,,,,,,,,,,,,,,,,,,
1083.95,90.5,,90.0,,,,,,,,,,,,,,,,,,,,,,,,,,,,,,
1084.1,90.5,,90.0,,,,44.61,,,,,,,,,,,,,,,,,,,,,,,,,,
1084.25,90.5,,90.0,,,,,,,,,,,,,,,,,,,,,,,,,,,,,,
1084.4,90.5,,90.0,,,,,,,,,,,,,,,,,,,,,,,,,,,,,,
1084.55,90.5,,90.0,,,,,,,,,,,,,,,,,,,,,,,,,,,,,,
1084.699,90.3,,90.0,,,,,,,,,,,,,,,,,,,,,,,,,,,,,,
1084.85,90.5,,90.0,,,,,,,,,,,,,,,,,,,,,,,,,,,,,,
1085.0,90.5,,90.0,,,,,,,,,,,,,,,,,,,,,,,,,,,,,,
1085.149,90.3,,90.0,,,,43.86,,,,,,,,,,,,,,,,,,,,,,,,,,
1085.298,90.3,,90.0,,,,,,,,,,,,,,,,,,,,,,,,,,,,,,
1085.45,90.5,,90.0,,,,,,,,,,,,,,,,,,,,,,,,,,,,,,
1085.6,90.5,,90.0,,,,,,,,,,,,,,,,,,,,,,,,,,,,,,
1085.75,90.5,,90.0,,,,,,,,,,,,,,,,,,,,,,,,,,,,,,
1085.9,90.5,,90.0,,,,,,,,,,,,,,,,,,,,,,,,,,,,,,
1086.05,90.5,,90.0,,,,,,,,,,,,,,,,,,,,,,,,,,,,,,
1086.2,90.5,,90.0,,,,43.63,,,,,,,,,,,,,,,,,,,,,,,,,,
1086.351,90.5,,90.0,,,,,,,,,,,,,,,,,,,,,,,,,,,,,,
1086.501,90.5,,90.0,,,,,,,,,,,,,,,,,,,,,,,,,,,,,,
1086.651,90.5,,90.0,,,,,,,,,,,,,,,,,,,,,,,,,,,,,,
1086.801,90.5,,90.0,,,,,,,,,,,,,,,,,,,,,,,,,,,,,,
1086.949,90.8,,90.0,,,,,,,,,,,,,,,,,,,,,,,,,,,,,,
1087.101,90.5,,90.0,,,,,,,,,,,,,,,,,,,,,,,,,,,,,,
1087.249,90.8,,90.0,,,,43.33,,,,,,,,,,,,,,,,,,,,,,,,,,
1087.401,90.5,,90.0,,,,,,,,,,,,,,,,,,,,,,,,,,,,,,
1087.549,90.3,,90.0,,,,,,,,,,,,,,,,,,,,,,,,,,,,,,
1087.701,90.5,,90.0,,,,,,,,,,,,,,,,,,,,,,,,,,,,,,
1087.851,90.5,,90.0,,,,,,,,,,,,,,,,,,,,,,,,,,,,,,
1088.0,90.3,,90.0,,,,,,,,,,,,,,,,,,,,,,,,,,,,,,
1088.15,90.3,,90.0,,,,43.28,,,,,,,,,,,,,,,,,,,,,,,,,,
1088.301,90.5,,90.0,,,,,,,,,,,,,,,,,,,,,,,,,,,,,,
1088.451,90.5,,90.0,,,,,,,,,,,,,,,,,,,,,,,,,,,,,,
1088.601,90.5,,90.0,,,,,,,,,,,,,,,,,,,,,,,,,,,,,,
1088.749,90.8,,90.0,,,,,,,,,,,,,,,,,,,,,,,,,,,,,,
1088.901,90.5,,90.0,,,,,,,,,,,,,,,,,,,,,,,,,,,,,,
1089.051,90.5,,90.0,,,,,,,,,,,,,,,,,,,,,,,,,,,,,,
1089.201,90.5,,90.0,,,,43.06,,,,,,,,,,,,,,,,,,,,,,,,,,
1089.351,90.5,,90.0,,,,,,,,,,,,,,,,,,,,,,,,,,,,,,
1089.5,90.3,,90.0,,,,,,,,,,,,,,,,,,,,,,,,,,,,,,
1089.651,90.5,,90.0,,,,,,,,,,,,,,,,,,,,,,,,,,,,,,
1089.801,90.5,,90.0,,,,,,,,,,,,,,,,,,,,,,,,,,,,,,
1089.949,90.8,,90.0,,,,,,,,,,,,,,,,,,,,,,,,,,,,,,
1090.099,90.8,,90.0,,,,,,,,,,,,,,,,,,,,,,,,,,,,,,
1090.249,90.3,,90.0,,,,43.04,,,,,,,,,,,,,,,,,,,,,,,,,,
1090.401,90.5,,90.0,,,,,,,,,,,,,,,,,,,,,,,,,,,,,,
1090.551,90.5,,90.0,,,,,,,,,,,,,,,,,,,,,,,,,,,,,,
1090.701,90.5,,90.0,,,,,,,,,,,,,,,,,,,,,,,,,,,,,,
1090.849,90.3,,90.0,,,,,,,,,,,,,,,,,,,,,,,,,,,,,,
1091.001,90.5,,90.0,,,,,,,,,,,,,,,,,,,,,,,,,,,,,,
1091.151,90.5,,90.0,,,,43.29,,,,,,,,,,,,,,,,,,,,,,,,,,
1091.301,90.5,,90.0,,,,,,,,,,,,,,,,,,,,,,,,,,,,,,
1091.45,90.3,,90.0,,,,,,,,,,,,,,,,,,,,,,,,,,,,,,
1091.601,90.5,,90.0,,,,,,,,,,,,,,,,,,,,,,,,,,,,,,
1091.751,90.5,,90.0,,,,,,,,,,,,,,,,,,,,,,,,,,,,,,
1091.901,90.5,,90.0,,,,,,,,,,,,,,,,,,,,,,,,,,,,,,
1092.051,90.5,,90.0,,,,,,,,,,,,,,,,,,,,,,,,,,,,,,
1092.201,90.5,,90.0,,,,43.44,,,,,,,,,,,,,,,,,,,,,,,,,,
1092.351,90.5,,90.0,,,,,,,,,,,,,,,,,,,,,,,,,,,,,,
1092.501,90.5,,90.0,,,,,,,,,,,,,,,,,,,,,,,,,,,,,,
1092.65,90.3,,90.0,,,,,,,,,,,,,,,,,,,,,,,,,,,,,,
1092.801,90.5,,90.0,,,,,,,,,,,,,,,,,,,,,,,,,,,,,,
1092.951,90.5,,90.0,,,,,,,,,,,,,,,,,,,,,,,,,,,,,,
1093.1,90.8,,90.0,,,,,,,,,,,,,,,,,,,,,,,,,,,,,,
1093.251,90.5,,90.0,,,,43.86,,,,,,,,,,,,,,,,,,,,,,,,,,
1093.401,90.5,,90.0,,,,,,,,,,,,,,,,,,,,,,,,,,,,,,
1093.551,90.5,,90.0,,,,,,,,,,,,,,,,,,,,,,,,,,,,,,
1093.7,90.3,,90.0,,,,,,,,,,,,,,,,,,,,,,,,,,,,,,
1093.849,90.8,,90.0,,,,,,,,,,,,,,,,,,,,,,,,,,,,,,
1094.001,90.5,,90.0,,,,,,,,,,,,,,,,,,,,,,,,,,,,,,
1094.151,90.5,,90.0,,,,,,,,,,,,,,,,,,,,,,,,,,,,,,
1094.301,90.5,,90.0,,,,43.93,,,,,,,,,,,,,,,,,,,,,,,,,,
1094.451,90.5,,90.0,,,,,,,,,,,,,,,,,,,,,,,,,,,,,,
1094.599,90.3,,90.0,,,,,,,,,,,,,,,,,,,,,,,,,,,,,,
1094.751,90.5,,90.0,,,,,,,,,,,,,,,,,,,,,,,,,,,,,,
1094.901,90.5,,90.0,,,,,,,,,,,,,,,,,,,,,,,,,,,,,,
1095.051,90.5,,90.0,,,,,,,,,,,,,,,,,,,,,,,,,,,,,,
1095.201,90.5,,90.0,,,,44.22,,,,,,,,,,,,,,,,,,,,,,,,,,
1095.349,90.8,,90.0,,,,,,,,,,,,,,,,,,,,,,,,,,,,,,
1095.501,90.5,,90.0,,,,,,,,,,,,,,,,,,,,,,,,,,,,,,
1095.651,90.5,,90.0,,,,,,,,,,,,,,,,,,,,,,,,,,,,,,
1095.8,90.3,,90.0,,,,,,,,,,,,,,,,,,,,,,,,,,,,,,
1095.95,90.3,,90.0,,,,,,,,,,,,,,,,,,,,,,,,,,,,,,
1096.101,90.3,,90.0,,,,,,,,,,,,,,,,,,,,,,,,,,,,,,
1096.251,90.5,,90.0,,,,46.73,,,,,,,,,,,,,,,,,,,,,,,,,,
1096.401,90.5,,90.0,,,,,,,,,,,,,,,,,,,,,,,,,,,,,,
1096.55,90.3,,90.0,,,,,,,,,,,,,,,,,,,,,,,,,,,,,,
1096.701,90.5,,90.0,,,,,,,,,,,,,,,,,,,,,,,,,,,,,,
1096.851,90.5,,90.0,,,,,,,,,,,,,,,,,,,,,,,,,,,,,,
1097.001,90.5,,90.0,,,,,,,,,,,,,,,,,,,,,,,,,,,,,,
1097.149,90.3,,90.0,,,,,,,,,,,,,,,,,,,,,,,,,,,,,,
1097.301,90.5,,90.0,,,,47.56,,,,,,,,,,,,,,,,,,,,,,,,,,
1097.451,90.5,,90.0,,,,,,,,,,,,,,,,,,,,,,,,,,,,,,
1097.601,90.5,,90.0,,,,,,,,,,,,,,,,,,,,,,,,,,,,,,
1097.75,90.3,,90.0,,,,,,,,,,,,,,,,,,,,,,,,,,,,,,
1097.901,90.3,,90.0,,,,,,,,,,,,,,,,,,,,,,,,,,,,,,
1098.051,90.3,,90.0,,,,,,,,,,,,,,,,,,,,,,,,,,,,,,
1098.201,90.5,,90.0,,,,,,,,,,,,,,,,,,,,,,,,,,,,,,
1098.351,90.5,,90.0,,,,46.73,,,,,,,,,,,,,,,,,,,,,,,,,,
1098.501,90.5,,90.0,,,,,,,,,,,,,,,,,,,,,,,,,,,,,,
1098.651,90.5,,90.0,,,,,,,,,,,,,,,,,,,,,,,,,,,,,,
1098.801,90.5,,90.0,,,,,,,,,,,,,,,,,,,,,,,,,,,,,,
1098.951,90.5,,90.0,,,,,,,,,,,,,,,,,,,,,,,,,,,,,,
1099.101,90.5,,90.0,,,,,,,,,,,,,,,,,,,,,,,,,,,,,,
1099.251,90.5,,90.0,,,,,,,,,,,,,,,,,,,,,,,,,,,,,,
1099.401,90.5,,90.0,,,,47.51,,,,,,,,,,,,,,,,,,,,,,,,,,
1099.55,90.8,,90.0,,,,,,,,,,,,,,,,,,,,,,,,,,,,,,
1099.701,90.5,,90.0,,,,,,,,,,,,,,,,,,,,,,,,,,,,,,
1099.851,90.5,,90.0,,,,,,,,,,,,,,,,,,,,,,,,,,,,,,
1099.999,90.3,,90.0,,,,,,,,,,,,,,,,,,,,,,,,,,,,,,
1100.149,90.3,,90.0,,,,,,,,,,,,,,,,,,,,,,,,,,,,,,
1100.299,90.3,,90.0,,,,47.95,,,,,,,,,,,,,,,,,,,,,,,,,,
1100.449,90.3,,90.0,,,,,,,,,,,,,,,,,,,,,,,,,,,,,,
1100.601,90.5,,90.0,,,,,,,,,,,,,,,,,,,,,,,,,,,,,,
1100.751,90.5,,90.0,,,,,,,,,,,,,,,,,,,,,,,,,,,,,,
1100.901,90.5,,90.0,,,,,,,,,,,,,,,,,,,,,,,,,,,,,,
1101.051,90.5,,90.0,,,,,,,,,,,,,,,,,,,,,,,,,,,,,,
1101.2,90.3,,90.0,,,,,,,,,,,,,,,,,,,,,,,,,,,,,,
1101.351,90.5,,90.0,,,,,,,,,,,,,,,,,,,,,,,,,,,,,,
1101.44,,,,,,,46.82,,,,,,,,,,,,,,,,,,,,,,,,,,
1101.501,90.3,,65.0,,,,,,,,,,,,,,,,,,,,,,,,,,,,,,
1101.651,90.3,,65.0,,,,,,,,,,,,,,,,,,,,,,,,,,,,,,
1101.799,89.6,,65.0,,,,,,,,,,,,,,,,,,,,,,,,,,,,,,
1101.949,88.7,,65.0,,,,,,,,,,,,,,,,,,,,,,,,,,,,,,
1102.1,87.8,,65.0,,,,,,,,,,,,,,,,,,,,,,,,,,,,,,
1102.25,86.3,,65.0,,,,,,,,,,,,,,,,,,,,,,,,,,,,,,
1102.399,84.8,,65.0,,,,46.44,,,,,,,,,,,,,,,,,,,,,,,,,,
1102.549,83.4,,65.0,,,,,,,,,,,,,,,,,,,,,,,,,,,,,,
1102.699,82.1,,65.0,,,,,,,,,,,,,,,,,,,,,,,,,,,,,,
1102.849,80.4,,65.0,,,,,,,,,,,,,,,,,,,,,,,,,,,,,,
1102.999,79.5,,65.0,,,,,,,,,,,,,,,,,,,,,,,,,,,,,,
1103.149,78.1,,65.0,,,,,,,,,,,,,,,,,,,,,,,,,,,,,,
1103.299,76.9,,65.0,,,,47.05,,,,,,,,,,,,,,,,,,,,,,,,,,
1103.449,75.9,,65.0,,,,,,,,,,,,,,,,,,,,,,,,,,,,,,
1103.599,74.8,,65.0,,,,,,,,,,,,,,,,,,,,,,,,,,,,,,
1103.749,73.7,,65.0,,,,,,,,,,,,,,,,,,,,,,,,,,,,,,
1103.899,72.8,,65.0,,,,,,,,,,,,,,,,,,,,,,,,,,,,,,
1104.049,72.0,,65.0,,,,,,,,,,,,,,,,,,,,,,,,,,,,,,
1104.2,71.6,,65.0,,,,,,,,,,,,,,,,,,,,,,,,,,,,,,
1104.349,71.0,,65.0,,,,47.1,,,,,,,,,,,,,,,,,,,,,,,,,,
1104.499,70.5,,65.0,,,,,,,,,,,,,,,,,,,,,,,,,,,,,,
1104.649,69.7,,65.0,,,,,,,,,,,,,,,,,,,,,,,,,,,,,,
1104.799,69.2,,65.0,,,,,,,,,,,,,,,,,,,,,,,,,,,,,,
1104.949,68.6,,65.0,,,,,,,,,,,,,,,,,,,,,,,,,,,,,,
1105.099,68.1,,65.0,,,,,,,,,,,,,,,,,,,,,,,,,,,,,,
1105.25,67.6,,65.0,,,,,,,,,,,,,,,,,,,,,,,,,,,,,,
1105.4,67.3,,65.0,,,,46.36,,,,,,,,,,,,,,,,,,,,,,,,,,
1105.55,67.2,,65.0,,,,,,,,,,,,,,,,,,,,,,,,,,,,,,
1105.7,66.8,,65.0,,,,,,,,,,,,,,,,,,,,,,,,,,,,,,
1105.85,66.5,,65.0,,,,,,,,,,,,,,,,,,,,,,,,,,,,,,
1106.0,66.5,,65.0,,,,,,,,,,,,,,,,,,,,,,,,,,,,,,
1106.149,66.4,,65.0,,,,,,,,,,,,,,,,,,,,,,,,,,,,,,
1106.299,66.3,,65.0,,,,,,,,,,,,,,,,,,,,,,,,,,,,,,
1106.449,66.3,,65.0,,,,45.86,,,,,,,,,,,,,,,,,,,,,,,,,,
1106.6,66.1,,65.0,,,,,,,,,,,,,,,,,,,,,,,,,,,,,,
1106.75,66.1,,65.0,,,,,,,,,,,,,,,,,,,,,,,,,,,,,,
1106.899,65.9,,65.0,,,,,,,,,,,,,,,,,,,,,,,,,,,,,,
1107.05,65.9,,65.0,,,,,,,,,,,,,,,,,,,,,,,,,,,,,,
1107.199,65.8,,65.0,,,,,,,,,,,,,,,,,,,,,,,,,,,,,,
1107.349,65.6,,65.0,,,,45.49,,,,,,,,,,,,,,,,,,,,,,,,,,
1107.499,65.5,,65.0,,,,,,,,,,,,,,,,,,,,,,,,,,,,,,
1107.649,65.5,,65.0,,,,,,,,,,,,,,,,,,,,,,,,,,,,,,
1107.8,65.5,,65.0,,,,,,,,,,,,,,,,,,,,,,,,,,,,,,
1107.95,65.4,,65.0,,,,,,,,,,,,,,,,,,,,,,,,,,,,,,
1108.1,65.4,,65.0,,,,,,,,,,,,,,,,,,,,,,,,,,,,,,
1108.249,65.3,,65.0,,,,,,,,,,,,,,,,,,,,,,,,,,,,,,
1108.4,65.3,,65.0,,,,45.31,,,,,,,,,,,,,,,,,,,,,,,,,,
1108.55,65.3,,65.0,,,,,,,,,,,,,,,,,,,,,,,,,,,,,,
1108.7,65.1,,65.0,,,,,,,,,,,,,,,,,,,,,,,,,,,,,,
1108.849,65.3,,65.0,,,,,,,,,,,,,,,,,,,,,,,,,,,,,,
1109.001,65.1,,65.0,,,,,,,,,,,,,,,,,,,,,,,,,,,,,,
1109.15,65.0,,65.0,,,,,,,,,,,,,,,,,,,,,,,,,,,,,,
1109.3,65.0,,65.0,,,,,,,,,,,,,,,,,,,,,,,,,,,,,,
1109.45,64.9,,65.0,,,,45.26,,,,,,,,,,,,,,,,,,,,,,,,,,
1109.6,64.9,,65.0,,,,,,,,,,,,,,,,,,,,,,,,,,,,,,
1109.749,64.8,,65.0,,,,,,,,,,,,,,,,,,,,,,,,,,,,,,
1109.901,64.9,,65.0,,,,,,,,,,,,,,,,,,,,,,,,,,,,,,
1110.05,64.8,,65.0,,,,,,,,,,,,,,,,,,,,,,,,,,,,,,
1110.201,64.9,,65.0,,,,,,,,,,,,,,,,,,,,,,,,,,,,,,
1110.351,64.9,,65.0,,,,,,,,,,,,,,,,,,,,,,,,,,,,,,
1110.501,64.9,,65.0,,,,45.28,,,,,,,,,,,,,,,,,,,,,,,,,,
1110.651,64.8,,65.0,,,,,,,,,,,,,,,,,,,,,,,,,,,,,,
1110.801,64.9,,65.0,,,,,,,,,,,,,,,,,,,,,,,,,,,,,,
1110.951,64.8,,65.0,,,,,,,,,,,,,,,,,,,,,,,,,,,,,,
1111.101,64.8,,65.0,,,,,,,,,,,,,,,,,,,,,,,,,,,,,,
1111.251,64.8,,65.0,,,,,,,,,,,,,,,,,,,,,,,,,,,,,,
1111.401,64.8,,65.0,,,,45.63,,,,,,,,,,,,,,,,,,,,,,,,,,
1111.551,64.8,,65.0,,,,,,,,,,,,,,,,,,,,,,,,,,,,,,
1111.701,64.6,,65.0,,,,,,,,,,,,,,,,,,,,,,,,,,,,,,
1111.851,64.6,,65.0,,,,,,,,,,,,,,,,,,,,,,,,,,,,,,
1112.001,64.6,,65.0,,,,,,,,,,,,,,,,,,,,,,,,,,,,,,
1112.151,64.6,,65.0,,,,,,,,,,,,,,,,,,,,,,,,,,,,,,
1112.301,64.5,,65.0,,,,,,,,,,,,,,,,,,,,,,,,,,,,,,
1112.451,64.6,,65.0,,,,45.78,,,,,,,,,,,,,,,,,,,,,,,,,,
1112.601,64.6,,65.0,,,,,,,,,,,,,,,,,,,,,,,,,,,,,,
1112.751,64.6,,65.0,,,,,,,,,,,,,,,,,,,,,,,,,,,,,,
1112.901,64.6,,65.0,,,,,,,,,,,,,,,,,,,,,,,,,,,,,,
1113.05,64.8,,65.0,,,,,,,,,,,,,,,,,,,,,,,,,,,,,,
1113.201,64.6,,65.0,,,,,,,,,,,,,,,,,,,,,,,,,,,,,,
1113.351,64.6,,65.0,,,,,,,,,,,,,,,,,,,,,,,,,,,,,,
1113.5,64.5,,65.0,,,,45.62,,,,,,,,,,,,,,,,,,,,,,,,,,
1113.651,64.6,,65.0,,,,,,,,,,,,,,,,,,,,,,,,,,,,,,
1113.801,64.6,,65.0,,,,,,,,,,,,,,,,,,,,,,,,,,,,,,
1113.951,64.6,,65.0,,,,,,,,,,,,,,,,,,,,,,,,,,,,,,
1114.101,64.6,,65.0,,,,,,,,,,,,,,,,,,,,,,,,,,,,,,
1114.251,64.6,,65.0,,,,,,,,,,,,,,,,,,,,,,,,,,,,,,
1114.401,64.6,,65.0,,,,,,,,,,,,,,,,,,,,,,,,,,,,,,
1114.551,64.6,,65.0,,,,45.78,,,,,,,,,,,,,,,,,,,,,,,,,,
1114.701,64.6,,65.0,,,,,,,,,,,,,,,,,,,,,,,,,,,,,,
1114.851,64.6,,65.0,,,,,,,,,,,,,,,,,,,,,,,,,,,,,,
1115.001,64.6,,65.0,,,,,,,,,,,,,,,,,,,,,,,,,,,,,,
1115.151,64.6,,65.0,,,,,,,,,,,,,,,,,,,,,,,,,,,,,,
1115.3,64.8,,65.0,,,,,,,,,,,,,,,,,,,,,,,,,,,,,,
1115.451,64.6,,65.0,,,,45.96,,,,,,,,,,,,,,,,,,,,,,,,,,
1115.601,64.6,,65.0,,,,,,,,,,,,,,,,,,,,,,,,,,,,,,
1115.75,64.8,,65.0,,,,,,,,,,,,,,,,,,,,,,,,,,,,,,
1115.9,64.8,,65.0,,,,,,,,,,,,,,,,,,,,,,,,,,,,,,
1116.05,64.8,,65.0,,,,,,,,,,,,,,,,,,,,,,,,,,,,,,
1116.201,64.8,,65.0,,,,,,,,,,,,,,,,,,,,,,,,,,,,,,
1116.351,64.8,,65.0,,,,,,,,,,,,,,,,,,,,,,,,,,,,,,
1116.501,64.8,,65.0,,,,46.61,,,,,,,,,,,,,,,,,,,,,,,,,,
1116.651,64.8,,65.0,,,,,,,,,,,,,,,,,,,,,,,,,,,,,,
1116.801,64.8,,65.0,,,,,,,,,,,,,,,,,,,,,,,,,,,,,,
1116.95,64.9,,65.0,,,,,,,,,,,,,,,,,,,,,,,,,,,,,,
1117.101,64.8,,65.0,,,,,,,,,,,,,,,,,,,,,,,,,,,,,,
1117.251,64.8,,65.0,,,,,,,,,,,,,,,,,,,,,,,,,,,,,,
1117.4,64.9,,65.0,,,,,,,,,,,,,,,,,,,,,,,,,,,,,,
1117.549,64.9,,65.0,,,,46.36,,,,,,,,,,,,,,,,,,,,,,,,,,
1117.701,64.8,,65.0,,,,,,,,,,,,,,,,,,,,,,,,,,,,,,
1117.85,64.9,,65.0,,,,,,,,,,,,,,,,,,,,,,,,,,,,,,
1118.0,64.9,,65.0,,,,,,,,,,,,,,,,,,,,,,,,,,,,,,
1118.151,64.8,,65.0,,,,,,,,,,,,,,,,,,,,,,,,,,,,,,
1118.301,64.9,,65.0,,,,,,,,,,,,,,,,,,,,,,,,,,,,,,
1118.451,64.9,,65.0,,,,,,,,,,,,,,,,,,,,,,,,,,,,,,
1118.601,64.9,,65.0,,,,46.98,,,,,,,,,,,,,,,,,,,,,,,,,,
1118.751,64.9,,65.0,,,,,,,,,,,,,,,,,,,,,,,,,,,,,,
1118.901,64.9,,65.0,,,,,,,,,,,,,,,,,,,,,,,,,,,,,,
1119.051,64.9,,65.0,,,,,,,,,,,,,,,,,,,,,,,,,,,,,,
1119.201,64.9,,65.0,,,,,,,,,,,,,,,,,,,,,,,,,,,,,,
1119.351,64.9,,65.0,,,,,,,,,,,,,,,,,,,,,,,,,,,,,,
1119.501,64.9,,65.0,,,,46.75,,,,,,,,,,,,,,,,,,,,,,,,,,
1119.649,64.8,,65.0,,,,,,,,,,,,,,,,,,,,,,,,,,,,,,
1119.801,64.9,,65.0,,,,,,,,,,,,,,,,,,,,,,,,,,,,,,
1119.951,64.9,,65.0,,,,,,,,,,,,,,,,,,,,,,,,,,,,,,
1120.101,64.9,,65.0,,,,,,,,,,,,,,,,,,,,,,,,,,,,,,
1120.251,64.9,,65.0,,,,,,,,,,,,,,,,,,,,,,,,,,,,,,
1120.401,64.9,,65.0,,,,,,,,,,,,,,,,,,,,,,,,,,,,,,
1120.551,64.9,,65.0,,,,46.89,,,,,,,,,,,,,,,,,,,,,,,,,,
1120.7,65.0,,65.0,,,,,,,,,,,,,,,,,,,,,,,,,,,,,,
1120.85,65.0,,65.0,,,,,,,,,,,,,,,,,,,,,,,,,,,,,,
1121.0,65.0,,65.0,,,,,,,,,,,,,,,,,,,,,,,,,,,,,,
1121.151,65.0,,65.0,,,,,,,,,,,,,,,,,,,,,,,,,,,,,,
1121.301,65.0,,65.0,,,,,,,,,,,,,,,,,,,,,,,,,,,,,,
1121.449,65.1,,65.0,,,,,,,,,,,,,,,,,,,,,,,,,,,,,,
1121.601,65.0,,65.0,,,,47.05,,,,,,,,,,,,,,,,,,,,,,,,,,
1121.751,65.0,,65.0,,,,,,,,,,,,,,,,,,,,,,,,,,,,,,
1121.901,65.0,,65.0,,,,,,,,,,,,,,,,,,,,,,,,,,,,,,
1122.05,64.9,,65.0,,,,,,,,,,,,,,,,,,,,,,,,,,,,,,
1122.201,65.0,,65.0,,,,,,,,,,,,,,,,,,,,,,,,,,,,,,
1122.351,65.0,,65.0,,,,,,,,,,,,,,,,,,,,,,,,,,,,,,
1122.499,64.9,,65.0,,,,,,,,,,,,,,,,,,,,,,,,,,,,,,
1122.651,65.0,,65.0,,,,47.19,,,,,,,,,,,,,,,,,,,,,,,,,,
1122.801,65.0,,65.0,,,,,,,,,,,,,,,,,,,,,,,,,,,,,,
1122.95,65.1,,65.0,,,,,,,,,,,,,,,,,,,,,,,,,,,,,,
1123.1,65.1,,65.0,,,,,,,,,,,,,,,,,,,,,,,,,,,,,,
1123.25,65.1,,65.0,,,,,,,,,,,,,,,,,,,,,,,,,,,,,,
1123.401,65.1,,65.0,,,,,,,,,,,,,,,,,,,,,,,,,,,,,,
1123.551,65.1,,65.0,,,,47.24,,,,,,,,,,,,,,,,,,,,,,,,,,
1123.701,65.1,,65.0,,,,,,,,,,,,,,,,,,,,,,,,,,,,,,
1123.851,65.1,,65.0,,,,,,,,,,,,,,,,,,,,,,,,,,,,,,
1124.001,65.0,,65.0,,,,,,,,,,,,,,,,,,,,,,,,,,,,,,
1124.151,65.1,,65.0,,,,,,,,,,,,,,,,,,,,,,,,,,,,,,
1124.299,65.1,,65.0,,,,,,,,,,,,,,,,,,,,,,,,,,,,,,
1124.451,65.0,,65.0,,,,,,,,,,,,,,,,,,,,,,,,,,,,,,
1124.601,65.0,,65.0,,,,47.6,,,,,,,,,,,,,,,,,,,,,,,,,,
1124.751,65.0,,65.0,,,,,,,,,,,,,,,,,,,,,,,,,,,,,,
1124.901,65.0,,65.0,,,,,,,,,,,,,,,,,,,,,,,,,,,,,,
1125.051,65.0,,65.0,,,,,,,,,,,,,,,,,,,,,,,,,,,,,,
1125.201,65.0,,65.0,,,,,,,,,,,,,,,,,,,,,,,,,,,,,,
1125.35,65.1,,65.0,,,,,,,,,,,,,,,,,,,,,,,,,,,,,,
1125.501,65.1,,65.0,,,,,,,,,,,,,,,,,,,,,,,,,,,,,,
1125.651,65.1,,65.0,,,,47.35,,,,,,,,,,,,,,,,,,,,,,,,,,
1125.8,65.0,,65.0,,,,,,,,,,,,,,,,,,,,,,,,,,,,,,
1125.95,65.0,,65.0,,,,,,,,,,,,,,,,,,,,,,,,,,,,,,
1126.101,65.1,,65.0,,,,,,,,,,,,,,,,,,,,,,,,,,,,,,
1126.251,65.0,,65.0,,,,,,,,,,,,,,,,,,,,,,,,,,,,,,
1126.401,65.0,,65.0,,,,,,,,,,,,,,,,,,,,,,,,,,,,,,
1126.551,65.0,,65.0,,,,47.59,,,,,,,,,,,,,,,,,,,,,,,,,,
1126.699,65.0,,65.0,,,,,,,,,,,,,,,,,,,,,,,,,,,,,,
1126.85,65.0,,65.0,,,,,,,,,,,,,,,,,,,,,,,,,,,,,,
1127.001,65.1,,65.0,,,,,,,,,,,,,,,,,,,,,,,,,,,,,,
1127.15,65.0,,65.0,,,,,,,,,,,,,,,,,,,,,,,,,,,,,,
1127.301,65.1,,65.0,,,,,,,,,,,,,,,,,,,,,,,,,,,,,,
1127.451,65.1,,65.0,,,,,,,,,,,,,,,,,,,,,,,,,,,,,,
1127.601,65.1,,65.0,,,,47.56,,,,,,,,,,,,,,,,,,,,,,,,,,
1127.751,65.1,,65.0,,,,,,,,,,,,,,,,,,,,,,,,,,,,,,
1127.9,65.3,,65.0,,,,,,,,,,,,,,,,,,,,,,,,,,,,,,
1128.051,65.1,,65.0,,,,,,,,,,,,,,,,,,,,,,,,,,,,,,
1128.201,65.1,,65.0,,,,,,,,,,,,,,,,,,,,,,,,,,,,,,
1128.351,65.1,,65.0,,,,,,,,,,,,,,,,,,,,,,,,,,,,,,
1128.501,65.3,,65.0,,,,,,,,,,,,,,,,,,,,,,,,,,,,,,
1128.651,65.3,,65.0,,,,47.62,,,,,,,,,,,,,,,,,,,,,,,,,,
1128.801,65.1,,65.0,,,,,,,,,,,,,,,,,,,,,,,,,,,,,,
1128.951,65.1,,65.0,,,,,,,,,,,,,,,,,,,,,,,,,,,,,,
1129.101,65.1,,65.0,,,,,,,,,,,,,,,,,,,,,,,,,,,,,,
1129.251,65.3,,65.0,,,,,,,,,,,,,,,,,,,,,,,,,,,,,,
1129.401,65.1,,65.0,,,,,,,,,,,,,,,,,,,,,,,,,,,,,,
1129.549,65.1,,65.0,,,,,,,,,,,,,,,,,,,,,,,,,,,,,,
1129.7,65.1,,65.0,,,,47.62,,,,,,,,,,,,,,,,,,,,,,,,,,
1129.85,65.1,,65.0,,,,,,,,,,,,,,,,,,,,,,,,,,,,,,
1130.001,65.3,,65.0,,,,,,,,,,,,,,,,,,,,,,,,,,,,,,
1130.151,65.3,,65.0,,,,,,,,,,,,,,,,,,,,,,,,,,,,,,
1130.299,65.4,,65.0,,,,,,,,,,,,,,,,,,,,,,,,,,,,,,
1130.451,65.3,,65.0,,,,,,,,,,,,,,,,,,,,,,,,,,,,,,
1130.601,65.3,,65.0,,,,47.66,,,,,,,,,,,,,,,,,,,,,,,,,,
1130.751,65.3,,65.0,,,,,,,,,,,,,,,,,,,,,,,,,,,,,,
1130.901,65.3,,65.0,,,,,,,,,,,,,,,,,,,,,,,,,,,,,,
1131.051,65.3,,65.0,,,,,,,,,,,,,,,,,,,,,,,,,,,,,,
1131.201,65.3,,65.0,,,,,,,,,,,,,,,,,,,,,,,,,,,,,,
1131.351,65.3,,65.0,,,,,,,,,,,,,,,,,,,,,,,,,,,,,,
1131.5,65.1,,65.0,,,,,,,,,,,,,,,,,,,,,,,,,,,,,,
1131.649,65.1,,65.0,,,,47.72,,,,,,,,,,,,,,,,,,,,,,,,,,
1131.801,65.3,,65.0,,,,,,,,,,,,,,,,,,,,,,,,,,,,,,
1131.95,65.1,,65.0,,,,,,,,,,,,,,,,,,,,,,,,,,,,,,
1132.099,65.1,,65.0,,,,,,,,,,,,,,,,,,,,,,,,,,,,,,
1132.251,65.3,,65.0,,,,,,,,,,,,,,,,,,,,,,,,,,,,,,
1132.401,65.3,,65.0,,,,,,,,,,,,,,,,,,,,,,,,,,,,,,
1132.551,65.3,,65.0,,,,,,,,,,,,,,,,,,,,,,,,,,,,,,
1132.701,65.3,,65.0,,,,47.89,,,,,,,,,,,,,,,,,,,,,,,,,,
1132.849,65.4,,65.0,,,,,,,,,,,,,,,,,,,,,,,,,,,,,,
1133.001,65.4,,65.0,,,,,,,,,,,,,,,,,,,,,,,,,,,,,,
1133.151,65.4,,65.0,,,,,,,,,,,,,,,,,,,,,,,,,,,,,,
1133.302,65.3,,65.0,,,,,,,,,,,,,,,,,,,,,,,,,,,,,,
1133.452,65.3,,65.0,,,,,,,,,,,,,,,,,,,,,,,,,,,,,,
1133.602,65.4,,65.0,,,,,,,,,,,,,,,,,,,,,,,,,,,,,,
1133.752,65.3,,65.0,,,,47.86,,,,,,,,,,,,,,,,,,,,,,,,,,
1133.9,65.1,,65.0,,,,,,,,,,,,,,,,,,,,,,,,,,,,,,
1134.052,65.3,,65.0,,,,,,,,,,,,,,,,,,,,,,,,,,,,,,
1134.202,65.3,,65.0,,,,,,,,,,,,,,,,,,,,,,,,,,,,,,
1134.352,65.3,,65.0,,,,,,,,,,,,,,,,,,,,,,,,,,,,,,
1134.502,65.3,,65.0,,,,,,,,,,,,,,,,,,,,,,,,,,,,,,
1134.652,65.3,,65.0,,,,47.98,,,,,,,,,,,,,,,,,,,,,,,,,,
1134.802,65.3,,65.0,,,,,,,,,,,,,,,,,,,,,,,,,,,,,,
1134.952,65.3,,65.0,,,,,,,,,,,,,,,,,,,,,,,,,,,,,,
1135.102,65.3,,65.0,,,,,,,,,,,,,,,,,,,,,,,,,,,,,,
1135.252,65.3,,65.0,,,,,,,,,,,,,,,,,,,,,,,,,,,,,,
1135.402,65.3,,65.0,,,,,,,,,,,,,,,,,,,,,,,,,,,,,,
1135.552,65.3,,65.0,,,,,,,,,,,,,,,,,,,,,,,,,,,,,,
1135.702,65.3,,65.0,,,,48.02,,,,,,,,,,,,,,,,,,,,,,,,,,
1135.852,65.3,,65.0,,,,,,,,,,,,,,,,,,,,,,,,,,,,,,
1136.002,65.3,,65.0,,,,,,,,,,,,,,,,,,,,,,,,,,,,,,
1136.152,65.3,,65.0,,,,,,,,,,,,,,,,,,,,,,,,,,,,,,
1136.302,65.3,,65.0,,,,,,,,,,,,,,,,,,,,,,,,,,,,,,
1136.452,65.3,,65.0,,,,,,,,,,,,,,,,,,,,,,,,,,,,,,
1136.602,65.3,,65.0,,,,,,,,,,,,,,,,,,,,,,,,,,,,,,
1136.752,65.3,,65.0,,,,47.83,,,,,,,,,,,,,,,,,,,,,,,,,,
1136.902,65.3,,65.0,,,,,,,,,,,,,,,,,,,,,,,,,,,,,,
1137.05,65.1,,65.0,,,,,,,,,,,,,,,,,,,,,,,,,,,,,,
1137.202,65.3,,65.0,,,,,,,,,,,,,,,,,,,,,,,,,,,,,,
1137.352,65.3,,65.0,,,,,,,,,,,,,,,,,,,,,,,,,,,,,,
1137.502,65.3,,65.0,,,,,,,,,,,,,,,,,,,,,,,,,,,,,,
1137.652,65.3,,65.0,,,,,,,,,,,,,,,,,,,,,,,,,,,,,,
1137.801,65.1,,65.0,,,,48.0,,,,,,,,,,,,,,,,,,,,,,,,,,
1137.951,65.1,,65.0,,,,,,,,,,,,,,,,,,,,,,,,,,,,,,
1138.102,65.1,,65.0,,,,,,,,,,,,,,,,,,,,,,,,,,,,,,
1138.252,65.1,,65.0,,,,,,,,,,,,,,,,,,,,,,,,,,,,,,
1138.402,65.3,,65.0,,,,,,,,,,,,,,,,,,,,,,,,,,,,,,
1138.552,65.3,,65.0,,,,,,,,,,,,,,,,,,,,,,,,,,,,,,
1138.702,65.3,,65.0,,,,48.02,,,,,,,,,,,,,,,,,,,,,,,,,,
1138.852,65.3,,65.0,,,,,,,,,,,,,,,,,,,,,,,,,,,,,,
1139.001,65.4,,65.0,,,,,,,,,,,,,,,,,,,,,,,,,,,,,,
1139.152,65.3,,65.0,,,,,,,,,,,,,,,,,,,,,,,,,,,,,,
1139.302,65.3,,65.0,,,,,,,,,,,,,,,,,,,,,,,,,,,,,,
1139.45,65.1,,65.0,,,,,,,,,,,,,,,,,,,,,,,,,,,,,,
1139.602,65.3,,65.0,,,,,,,,,,,,,,,,,,,,,,,,,,,,,,
1139.752,65.3,,65.0,,,,48.22,,,,,,,,,,,,,,,,,,,,,,,,,,
1139.902,65.3,,65.0,,,,,,,,,,,,,,,,,,,,,,,,,,,,,,
1140.052,65.3,,65.0,,,,,,,,,,,,,,,,,,,,,,,,,,,,,,
1140.2,65.3,,65.0,,,,,,,,,,,,,,,,,,,,,,,,,,,,,,
1140.35,65.3,,65.0,,,,,,,,,,,,,,,,,,,,,,,,,,,,,,
1140.501,65.3,,65.0,,,,,,,,,,,,,,,,,,,,,,,,,,,,,,
1140.651,65.3,,65.0,,,,,,,,,,,,,,,,,,,,,,,,,,,,,,
1140.802,65.1,,65.0,,,,48.08,,,,,,,,,,,,,,,,,,,,,,,,,,
1140.952,65.3,,65.0,,,,,,,,,,,,,,,,,,,,,,,,,,,,,,
1141.102,65.1,,65.0,,,,,,,,,,,,,,,,,,,,,,,,,,,,,,
1141.252,65.3,,65.0,,,,,,,,,,,,,,,,,,,,,,,,,,,,,,
1141.402,65.3,,65.0,,,,,,,,,,,,,,,,,,,,,,,,,,,,,,
1141.552,65.3,,65.0,,,,,,,,,,,,,,,,,,,,,,,,,,,,,,
1141.7,65.4,,65.0,,,,,,,,,,,,,,,,,,,,,,,,,,,,,,
1141.852,65.3,,65.0,,,,48.41,,,,,,,,,,,,,,,,,,,,,,,,,,
1142.001,65.4,,65.0,,,,,,,,,,,,,,,,,,,,,,,,,,,,,,
1142.152,65.3,,65.0,,,,,,,,,,,,,,,,,,,,,,,,,,,,,,
1142.302,65.4,,65.0,,,,,,,,,,,,,,,,,,,,,,,,,,,,,,
1142.452,65.3,,65.0,,,,,,,,,,,,,,,,,,,,,,,,,,,,,,
1142.602,65.3,,65.0,,,,,,,,,,,,,,,,,,,,,,,,,,,,,,
1142.75,65.4,,65.0,,,,48.45,,,,,,,,,,,,,,,,,,,,,,,,,,
1142.902,65.3,,65.0,,,,,,,,,,,,,,,,,,,,,,,,,,,,,,
1143.052,65.3,,65.0,,,,,,,,,,,,,,,,,,,,,,,,,,,,,,
1143.202,65.3,,65.0,,,,,,,,,,,,,,,,,,,,,,,,,,,,,,
1143.352,65.3,,65.0,,,,,,,,,,,,,,,,,,,,,,,,,,,,,,
1143.502,65.3,,65.0,,,,,,,,,,,,,,,,,,,,,,,,,,,,,,
1143.65,65.1,,65.0,,,,,,,,,,,,,,,,,,,,,,,,,,,,,,
1143.802,65.3,,65.0,,,,48.43,,,,,,,,,,,,,,,,,,,,,,,,,,
1143.952,65.3,,65.0,,,,,,,,,,,,,,,,,,,,,,,,,,,,,,
1144.1,65.3,,65.0,,,,,,,,,,,,,,,,,,,,,,,,,,,,,,
1144.25,65.3,,65.0,,,,,,,,,,,,,,,,,,,,,,,,,,,,,,
1144.401,65.3,,65.0,,,,,,,,,,,,,,,,,,,,,,,,,,,,,,
1144.551,65.3,,65.0,,,,,,,,,,,,,,,,,,,,,,,,,,,,,,
1144.702,65.4,,65.0,,,,,,,,,,,,,,,,,,,,,,,,,,,,,,
1144.852,65.4,,65.0,,,,48.63,,,,,,,,,,,,,,,,,,,,,,,,,,
1145.001,65.3,,65.0,,,,,,,,,,,,,,,,,,,,,,,,,,,,,,
1145.151,65.3,,65.0,,,,,,,,,,,,,,,,,,,,,,,,,,,,,,
1145.302,65.3,,65.0,,,,,,,,,,,,,,,,,,,,,,,,,,,,,,
1145.452,65.3,,65.0,,,,,,,,,,,,,,,,,,,,,,,,,,,,,,
1145.6,65.4,,65.0,,,,,,,,,,,,,,,,,,,,,,,,,,,,,,
1145.752,65.3,,65.0,,,,,,,,,,,,,,,,,,,,,,,,,,,,,,
1145.902,65.3,,65.0,,,,48.38,,,,,,,,,,,,,,,,,,,,,,,,,,
1146.052,65.3,,65.0,,,,,,,,,,,,,,,,,,,,,,,,,,,,,,
1146.202,65.3,,65.0,,,,,,,,,,,,,,,,,,,,,,,,,,,,,,
1146.351,65.4,,65.0,,,,,,,,,,,,,,,,,,,,,,,,,,,,,,
1146.502,65.3,,65.0,,,,,,,,,,,,,,,,,,,,,,,,,,,,,,
1146.65,65.4,,65.0,,,,,,,,,,,,,,,,,,,,,,,,,,,,,,
1146.802,65.3,,65.0,,,,48.55,,,,,,,,,,,,,,,,,,,,,,,,,,
1146.952,65.3,,65.0,,,,,,,,,,,,,,,,,,,,,,,,,,,,,,
1147.102,65.3,,65.0,,,,,,,,,,,,,,,,,,,,,,,,,,,,,,
1147.251,65.4,,65.0,,,,,,,,,,,,,,,,,,,,,,,,,,,,,,
1147.401,65.4,,65.0,,,,,,,,,,,,,,,,,,,,,,,,,,,,,,
1147.55,65.3,,65.0,,,,,,,,,,,,,,,,,,,,,,,,,,,,,,
1147.701,65.3,,65.0,,,,,,,,,,,,,,,,,,,,,,,,,,,,,,
1147.85,65.3,,65.0,,,,48.58,,,,,,,,,,,,,,,,,,,,,,,,,,
1148.002,65.4,,65.0,,,,,,,,,,,,,,,,,,,,,,,,,,,,,,
1148.152,65.4,,65.0,,,,,,,,,,,,,,,,,,,,,,,,,,,,,,
1148.302,65.4,,65.0,,,,,,,,,,,,,,,,,,,,,,,,,,,,,,
1148.452,65.4,,65.0,,,,,,,,,,,,,,,,,,,,,,,,,,,,,,
1148.602,65.4,,65.0,,,,,,,,,,,,,,,,,,,,,,,,,,,,,,
1148.75,65.3,,65.0,,,,,,,,,,,,,,,,,,,,,,,,,,,,,,
1148.902,65.4,,65.0,,,,48.51,,,,,,,,,,,,,,,,,,,,,,,,,,
1149.051,65.3,,65.0,,,,,,,,,,,,,,,,,,,,,,,,,,,,,,
1149.201,65.3,,65.0,,,,,,,,,,,,,,,,,,,,,,,,,,,,,,
1149.352,65.4,,65.0,,,,,,,,,,,,,,,,,,,,,,,,,,,,,,
1149.5,65.3,,65.0,,,,,,,,,,,,,,,,,,,,,,,,,,,,,,
1149.65,65.3,,65.0,,,,,,,,,,,,,,,,,,,,,,,,,,,,,,
1149.801,65.3,,65.0,,,,48.76,,,,,,,,,,,,,,,,,,,,,,,,,,
1149.951,65.3,,65.0,,,,,,,,,,,,,,,,,,,,,,,,,,,,,,
1150.102,65.4,,65.0,,,,,,,,,,,,,,,,,,,,,,,,,,,,,,
1150.252,65.4,,65.0,,,,,,,,,,,,,,,,,,,,,,,,,,,,,,
1150.402,65.4,,65.0,,,,,,,,,,,,,,,,,,,,,,,,,,,,,,
1150.552,65.4,,65.0,,,,,,,,,,,,,,,,,,,,,,,,,,,,,,
1150.702,65.4,,65.0,,,,,,,,,,,,,,,,,,,,,,,,,,,,,,
1150.852,65.4,,65.0,,,,48.83,,,,,,,,,,,,,,,,,,,,,,,,,,
1151.001,65.3,,65.0,,,,,,,,,,,,,,,,,,,,,,,,,,,,,,
1151.151,65.3,,65.0,,,,,,,,,,,,,,,,,,,,,,,,,,,,,,
1151.302,65.4,,65.0,,,,,,,,,,,,,,,,,,,,,,,,,,,,,,
1151.451,65.3,,65.0,,,,,,,,,,,,,,,,,,,,,,,,,,,,,,
1151.602,65.4,,65.0,,,,,,,,,,,,,,,,,,,,,,,,,,,,,,
1151.751,65.3,,65.0,,,,,,,,,,,,,,,,,,,,,,,,,,,,,,
1151.902,65.4,,65.0,,,,48.81,,,,,,,,,,,,,,,,,,,,,,,,,,
1152.052,65.4,,65.0,,,,,,,,,,,,,,,,,,,,,,,,,,,,,,
1152.202,65.4,,65.0,,,,,,,,,,,,,,,,,,,,,,,,,,,,,,
1152.352,65.4,,65.0,,,,,,,,,,,,,,,,,,,,,,,,,,,,,,
1152.502,65.4,,65.0,,,,,,,,,,,,,,,,,,,,,,,,,,,,,,
1152.651,65.3,,65.0,,,,,,,,,,,,,,,,,,,,,,,,,,,,,,
1152.8,65.4,,65.0,,,,,,,,,,,,,,,,,,,,,,,,,,,,,,
1152.951,65.3,,65.0,,,,48.95,,,,,,,,,,,,,,,,,,,,,,,,,,
1153.101,65.4,,65.0,,,,,,,,,,,,,,,,,,,,,,,,,,,,,,
1153.252,65.3,,65.0,,,,,,,,,,,,,,,,,,,,,,,,,,,,,,
1153.402,65.3,,65.0,,,,,,,,,,,,,,,,,,,,,,,,,,,,,,
1153.552,65.4,,65.0,,,,,,,,,,,,,,,,,,,,,,,,,,,,,,
1153.701,65.3,,65.0,,,,,,,,,,,,,,,,,,,,,,,,,,,,,,
1153.851,65.3,,65.0,,,,49.1,,,,,,,,,,,,,,,,,,,,,,,,,,
1154.0,65.3,,65.0,,,,,,,,,,,,,,,,,,,,,,,,,,,,,,
1154.15,65.3,,65.0,,,,,,,,,,,,,,,,,,,,,,,,,,,,,,
1154.302,65.4,,65.0,,,,,,,,,,,,,,,,,,,,,,,,,,,,,,
1154.452,65.4,,65.0,,,,,,,,,,,,,,,,,,,,,,,,,,,,,,
1154.602,65.3,,65.0,,,,,,,,,,,,,,,,,,,,,,,,,,,,,,
1154.752,65.4,,65.0,,,,,,,,,,,,,,,,,,,,,,,,,,,,,,
1154.902,65.3,,65.0,,,,49.2,,,,,,,,,,,,,,,,,,,,,,,,,,
1155.052,65.4,,65.0,,,,,,,,,,,,,,,,,,,,,,,,,,,,,,
1155.202,65.4,,65.0,,,,,,,,,,,,,,,,,,,,,,,,,,,,,,
1155.352,65.4,,65.0,,,,,,,,,,,,,,,,,,,,,,,,,,,,,,
1155.502,65.3,,65.0,,,,,,,,,,,,,,,,,,,,,,,,,,,,,,
1155.652,65.3,,65.0,,,,,,,,,,,,,,,,,,,,,,,,,,,,,,
1155.802,65.3,,65.0,,,,,,,,,,,,,,,,,,,,,,,,,,,,,,
1155.952,65.3,,65.0,,,,49.24,,,,,,,,,,,,,,,,,,,,,,,,,,
1156.1,65.4,,65.0,,,,,,,,,,,,,,,,,,,,,,,,,,,,,,
1156.251,65.4,,65.0,,,,,,,,,,,,,,,,,,,,,,,,,,,,,,
1156.401,65.4,,65.0,,,,,,,,,,,,,,,,,,,,,,,,,,,,,,
1156.552,65.3,,65.0,,,,,,,,,,,,,,,,,,,,,,,,,,,,,,
1156.702,65.3,,65.0,,,,,,,,,,,,,,,,,,,,,,,,,,,,,,
1156.852,65.3,,65.0,,,,,,,,,,,,,,,,,,,,,,,,,,,,,,
1157.001,65.1,,65.0,,,,48.93,,,,,,,,,,,,,,,,,,,,,,,,,,
1157.152,65.3,,65.0,,,,,,,,,,,,,,,,,,,,,,,,,,,,,,
1157.302,65.3,,65.0,,,,,,,,,,,,,,,,,,,,,,,,,,,,,,
1157.452,65.3,,65.0,,,,,,,,,,,,,,,,,,,,,,,,,,,,,,
1157.602,65.3,,65.0,,,,,,,,,,,,,,,,,,,,,,,,,,,,,,
1157.752,65.3,,65.0,,,,,,,,,,,,,,,,,,,,,,,,,,,,,,
1157.902,65.3,,65.0,,,,49.46,,,,,,,,,,,,,,,,,,,,,,,,,,
1158.051,65.4,,65.0,,,,,,,,,,,,,,,,,,,,,,,,,,,,,,
1158.202,65.4,,65.0,,,,,,,,,,,,,,,,,,,,,,,,,,,,,,
1158.352,65.3,,65.0,,,,,,,,,,,,,,,,,,,,,,,,,,,,,,
1158.502,65.3,,65.0,,,,,,,,,,,,,,,,,,,,,,,,,,,,,,
1158.652,65.4,,65.0,,,,,,,,,,,,,,,,,,,,,,,,,,,,,,
1158.802,65.3,,65.0,,,,,,,,,,,,,,,,,,,,,,,,,,,,,,
1158.952,65.3,,65.0,,,,49.46,,,,,,,,,,,,,,,,,,,,,,,,,,
1159.102,65.3,,65.0,,,,,,,,,,,,,,,,,,,,,,,,,,,,,,
1159.252,65.3,,65.0,,,,,,,,,,,,,,,,,,,,,,,,,,,,,,
1159.401,65.1,,65.0,,,,,,,,,,,,,,,,,,,,,,,,,,,,,,
1159.552,65.3,,65.0,,,,,,,,,,,,,,,,,,,,,,,,,,,,,,
1159.7,65.4,,65.0,,,,,,,,,,,,,,,,,,,,,,,,,,,,,,
1159.852,65.3,,65.0,,,,,,,,,,,,,,,,,,,,,,,,,,,,,,
1160.002,65.3,,65.0,,,,49.07,,,,,,,,,,,,,,,,,,,,,,,,,,
1160.152,65.3,,65.0,,,,,,,,,,,,,,,,,,,,,,,,,,,,,,
1160.302,65.3,,65.0,,,,,,,,,,,,,,,,,,,,,,,,,,,,,,
1160.45,65.3,,65.0,,,,,,,,,,,,,,,,,,,,,,,,,,,,,,
1160.601,65.3,,65.0,,,,,,,,,,,,,,,,,,,,,,,,,,,,,,
1160.751,65.3,,65.0,,,,,,,,,,,,,,,,,,,,,,,,,,,,,,
1160.902,65.4,,65.0,,,,,,,,,,,,,,,,,,,,,,,,,,,,,,
1161.051,65.3,,65.0,,,,49.25,,,,,,,,,,,,,,,,,,,,,,,,,,
1161.202,65.3,,65.0,,,,,,,,,,,,,,,,,,,,,,,,,,,,,,
1161.352,65.4,,65.0,,,,,,,,,,,,,,,,,,,,,,,,,,,,,,
1161.502,65.3,,65.0,,,,,,,,,,,,,,,,,,,,,,,,,,,,,,
1161.652,65.4,,65.0,,,,,,,,,,,,,,,,,,,,,,,,,,,,,,
1161.802,65.3,,65.0,,,,,,,,,,,,,,,,,,,,,,,,,,,,,,
1161.952,65.3,,65.0,,,,49.5,,,,,,,,,,,,,,,,,,,,,,,,,,
1162.102,65.4,,65.0,,,,,,,,,,,,,,,,,,,,,,,,,,,,,,
1162.252,65.4,,65.0,,,,,,,,,,,,,,,,,,,,,,,,,,,,,,
1162.402,65.3,,65.0,,,,,,,,,,,,,,,,,,,,,,,,,,,,,,
1162.552,65.4,,65.0,,,,,,,,,,,,,,,,,,,,,,,,,,,,,,
1162.702,65.4,,65.0,,,,,,,,,,,,,,,,,,,,,,,,,,,,,,
1162.852,65.3,,65.0,,,,,,,,,,,,,,,,,,,,,,,,,,,,,,
1163.002,65.4,,65.0,,,,49.57,,,,,,,,,,,,,,,,,,,,,,,,,,
1163.152,65.3,,65.0,,,,,,,,,,,,,,,,,,,,,,,,,,,,,,
1163.302,65.3,,65.0,,,,,,,,,,,,,,,,,,,,,,,,,,,,,,
1163.45,65.4,,65.0,,,,,,,,,,,,,,,,,,,,,,,,,,,,,,
1163.601,65.3,,65.0,,,,,,,,,,,,,,,,,,,,,,,,,,,,,,
1163.75,65.5,,65.0,,,,,,,,,,,,,,,,,,,,,,,,,,,,,,
1163.901,65.4,,65.0,,,,,,,,,,,,,,,,,,,,,,,,,,,,,,
1164.051,65.5,,65.0,,,,49.67,,,,,,,,,,,,,,,,,,,,,,,,,,
1164.202,65.4,,65.0,,,,,,,,,,,,,,,,,,,,,,,,,,,,,,
1164.352,65.4,,65.0,,,,,,,,,,,,,,,,,,,,,,,,,,,,,,
1164.502,65.4,,65.0,,,,,,,,,,,,,,,,,,,,,,,,,,,,,,
1164.65,65.3,,65.0,,,,,,,,,,,,,,,,,,,,,,,,,,,,,,
1164.802,65.4,,65.0,,,,,,,,,,,,,,,,,,,,,,,,,,,,,,
1164.952,65.4,,65.0,,,,49.38,,,,,,,,,,,,,,,,,,,,,,,,,,
1165.102,65.4,,65.0,,,,,,,,,,,,,,,,,,,,,,,,,,,,,,
1165.251,65.3,,65.0,,,,,,,,,,,,,,,,,,,,,,,,,,,,,,
1165.402,65.3,,65.0,,,,,,,,,,,,,,,,,,,,,,,,,,,,,,
1165.552,65.4,,65.0,,,,,,,,,,,,,,,,,,,,,,,,,,,,,,
1165.701,65.3,,65.0,,,,,,,,,,,,,,,,,,,,,,,,,,,,,,
1165.851,65.3,,65.0,,,,,,,,,,,,,,,,,,,,,,,,,,,,,,
1166.001,65.3,,65.0,,,,49.37,,,,,,,,,,,,,,,,,,,,,,,,,,
1166.152,65.4,,65.0,,,,,,,,,,,,,,,,,,,,,,,,,,,,,,
1166.302,65.4,,65.0,,,,,,,,,,,,,,,,,,,,,,,,,,,,,,
1166.452,65.4,,65.0,,,,,,,,,,,,,,,,,,,,,,,,,,,,,,
1166.602,65.4,,65.0,,,,,,,,,,,,,,,,,,,,,,,,,,,,,,
1166.752,65.4,,65.0,,,,,,,,,,,,,,,,,,,,,,,,,,,,,,
1166.902,65.3,,65.0,,,,,,,,,,,,,,,,,,,,,,,,,,,,,,
1167.052,65.3,,65.0,,,,49.67,,,,,,,,,,,,,,,,,,,,,,,,,,
1167.202,65.4,,65.0,,,,,,,,,,,,,,,,,,,,,,,,,,,,,,
1167.352,65.4,,65.0,,,,,,,,,,,,,,,,,,,,,,,,,,,,,,
1167.502,65.3,,65.0,,,,,,,,,,,,,,,,,,,,,,,,,,,,,,
1167.652,65.3,,65.0,,,,,,,,,,,,,,,,,,,,,,,,,,,,,,
1167.802,65.3,,65.0,,,,,,,,,,,,,,,,,,,,,,,,,,,,,,
1167.952,65.3,,65.0,,,,,,,,,,,,,,,,,,,,,,,,,,,,,,
1168.102,65.4,,65.0,,,,49.47,,,,,,,,,,,,,,,,,,,,,,,,,,
1168.252,65.4,,65.0,,,,,,,,,,,,,,,,,,,,,,,,,,,,,,
1168.402,65.4,,65.0,,,,,,,,,,,,,,,,,,,,,,,,,,,,,,
1168.552,65.4,,65.0,,,,,,,,,,,,,,,,,,,,,,,,,,,,,,
1168.702,65.3,,65.0,,,,,,,,,,,,,,,,,,,,,,,,,,,,,,
1168.852,65.3,,65.0,,,,,,,,,,,,,,,,,,,,,,,,,,,,,,
1169.002,65.4,,65.0,,,,49.85,,,,,,,,,,,,,,,,,,,,,,,,,,
1169.152,65.4,,65.0,,,,,,,,,,,,,,,,,,,,,,,,,,,,,,
1169.302,65.4,,65.0,,,,,,,,,,,,,,,,,,,,,,,,,,,,,,
1169.452,65.3,,65.0,,,,,,,,,,,,,,,,,,,,,,,,,,,,,,
1169.602,65.3,,65.0,,,,,,,,,,,,,,,,,,,,,,,,,,,,,,
1169.752,65.3,,65.0,,,,,,,,,,,,,,,,,,,,,,,,,,,,,,
1169.9,65.3,,65.0,,,,,,,,,,,,,,,,,,,,,,,,,,,,,,
1170.05,65.3,,65.0,,,,50.09,,,,,,,,,,,,,,,,,,,,,,,,,,
1170.201,65.3,,65.0,,,,,,,,,,,,,,,,,,,,,,,,,,,,,,
1170.351,65.3,,65.0,,,,,,,,,,,,,,,,,,,,,,,,,,,,,,
1170.501,65.3,,65.0,,,,,,,,,,,,,,,,,,,,,,,,,,,,,,
1170.652,65.3,,65.0,,,,,,,,,,,,,,,,,,,,,,,,,,,,,,
1170.802,65.3,,65.0,,,,,,,,,,,,,,,,,,,,,,,,,,,,,,
1170.952,65.3,,65.0,,,,,,,,,,,,,,,,,,,,,,,,,,,,,,
1171.102,65.3,,65.0,,,,50.08,,,,,,,,,,,,,,,,,,,,,,,,,,
1171.252,65.3,,65.0,,,,,,,,,,,,,,,,,,,,,,,,,,,,,,
1171.402,65.3,,65.0,,,,,,,,,,,,,,,,,,,,,,,,,,,,,,
1171.552,65.4,,65.0,,,,,,,,,,,,,,,,,,,,,,,,,,,,,,
1171.702,65.3,,65.0,,,,,,,,,,,,,,,,,,,,,,,,,,,,,,
1171.852,65.4,,65.0,,,,,,,,,,,,,,,,,,,,,,,,,,,,,,
1172.002,65.4,,65.0,,,,,,,,,,,,,,,,,,,,,,,,,,,,,,
1172.152,65.4,,65.0,,,,50.18,,,,,,,,,,,,,,,,,,,,,,,,,,
1172.302,65.3,,65.0,,,,,,,,,,,,,,,,,,,,,,,,,,,,,,
1172.452,65.4,,65.0,,,,,,,,,,,,,,,,,,,,,,,,,,,,,,
1172.602,65.3,,65.0,,,,,,,,,,,,,,,,,,,,,,,,,,,,,,
1172.75,65.3,,65.0,,,,,,,,,,,,,,,,,,,,,,,,,,,,,,
1172.902,65.4,,65.0,,,,,,,,,,,,,,,,,,,,,,,,,,,,,,
1173.051,65.3,,65.0,,,,50.22,,,,,,,,,,,,,,,,,,,,,,,,,,
1173.201,65.3,,65.0,,,,,,,,,,,,,,,,,,,,,,,,,,,,,,
1173.351,65.3,,65.0,,,,,,,,,,,,,,,,,,,,,,,,,,,,,,
1173.502,65.3,,65.0,,,,,,,,,,,,,,,,,,,,,,,,,,,,,,
1173.652,65.3,,65.0,,,,,,,,,,,,,,,,,,,,,,,,,,,,,,
1173.802,65.3,,65.0,,,,,,,,,,,,,,,,,,,,,,,,,,,,,,
1173.951,65.4,,65.0,,,,,,,,,,,,,,,,,,,,,,,,,,,,,,
1174.102,65.3,,65.0,,,,50.18,,,,,,,,,,,,,,,,,,,,,,,,,,
1174.252,65.3,,65.0,,,,,,,,,,,,,,,,,,,,,,,,,,,,,,
1174.402,65.4,,65.0,,,,,,,,,,,,,,,,,,,,,,,,,,,,,,
1174.552,65.3,,65.0,,,,,,,,,,,,,,,,,,,,,,,,,,,,,,
1174.702,65.3,,65.0,,,,,,,,,,,,,,,,,,,,,,,,,,,,,,
1174.852,65.3,,65.0,,,,,,,,,,,,,,,,,,,,,,,,,,,,,,
1175.002,65.3,,65.0,,,,,,,,,,,,,,,,,,,,,,,,,,,,,,
1175.152,65.3,,65.0,,,,49.95,,,,,,,,,,,,,,,,,,,,,,,,,,
1175.302,65.3,,65.0,,,,,,,,,,,,,,,,,,,,,,,,,,,,,,
1175.452,65.4,,65.0,,,,,,,,,,,,,,,,,,,,,,,,,,,,,,
1175.602,65.3,,65.0,,,,,,,,,,,,,,,,,,,,,,,,,,,,,,
1175.752,65.3,,65.0,,,,,,,,,,,,,,,,,,,,,,,,,,,,,,
1175.902,65.3,,65.0,,,,,,,,,,,,,,,,,,,,,,,,,,,,,,
1176.052,65.3,,65.0,,,,,,,,,,,,,,,,,,,,,,,,,,,,,,
1176.202,65.3,,65.0,,,,50.36,,,,,,,,,,,,,,,,,,,,,,,,,,
1176.351,65.4,,65.0,,,,,,,,,,,,,,,,,,,,,,,,,,,,,,
1176.502,65.3,,65.0,,,,,,,,,,,,,,,,,,,,,,,,,,,,,,
1176.652,65.3,,65.0,,,,,,,,,,,,,,,,,,,,,,,,,,,,,,
1176.801,65.4,,65.0,,,,,,,,,,,,,,,,,,,,,,,,,,,,,,
1176.952,65.3,,65.0,,,,,,,,,,,,,,,,,,,,,,,,,,,,,,
1177.102,65.4,,65.0,,,,50.02,,,,,,,,,,,,,,,,,,,,,,,,,,
1177.252,65.4,,65.0,,,,,,,,,,,,,,,,,,,,,,,,,,,,,,
1177.402,65.4,,65.0,,,,,,,,,,,,,,,,,,,,,,,,,,,,,,
1177.552,65.4,,65.0,,,,,,,,,,,,,,,,,,,,,,,,,,,,,,
1177.702,65.4,,65.0,,,,,,,,,,,,,,,,,,,,,,,,,,,,,,
1177.851,65.3,,65.0,,,,,,,,,,,,,,,,,,,,,,,,,,,,,,
1178.002,65.4,,65.0,,,,,,,,,,,,,,,,,,,,,,,,,,,,,,
1178.152,65.3,,65.0,,,,50.07,,,,,,,,,,,,,,,,,,,,,,,,,,
1178.302,65.4,,65.0,,,,,,,,,,,,,,,,,,,,,,,,,,,,,,
1178.452,65.4,,65.0,,,,,,,,,,,,,,,,,,,,,,,,,,,,,,
1178.6,65.3,,65.0,,,,,,,,,,,,,,,,,,,,,,,,,,,,,,
1178.752,65.4,,65.0,,,,,,,,,,,,,,,,,,,,,,,,,,,,,,
1178.902,65.4,,65.0,,,,,,,,,,,,,,,,,,,,,,,,,,,,,,
1179.05,65.3,,65.0,,,,,,,,,,,,,,,,,,,,,,,,,,,,,,
1179.2,65.3,,65.0,,,,50.3,,,,,,,,,,,,,,,,,,,,,,,,,,
1179.35,65.3,,65.0,,,,,,,,,,,,,,,,,,,,,,,,,,,,,,
1179.502,65.4,,65.0,,,,,,,,,,,,,,,,,,,,,,,,,,,,,,
1179.65,65.3,,65.0,,,,,,,,,,,,,,,,,,,,,,,,,,,,,,
1179.801,65.3,,65.0,,,,,,,,,,,,,,,,,,,,,,,,,,,,,,
1179.951,65.3,,65.0,,,,,,,,,,,,,,,,,,,,,,,,,,,,,,
1180.102,65.4,,65.0,,,,50.23,,,,,,,,,,,,,,,,,,,,,,,,,,
1180.252,65.4,,65.0,,,,,,,,,,,,,,,,,,,,,,,,,,,,,,
1180.402,65.3,,65.0,,,,,,,,,,,,,,,,,,,,,,,,,,,,,,
1180.552,65.4,,65.0,,,,,,,,,,,,,,,,,,,,,,,,,,,,,,
1180.702,65.4,,65.0,,,,,,,,,,,,,,,,,,,,,,,,,,,,,,
1180.852,65.4,,65.0,,,,,,,,,,,,,,,,,,,,,,,,,,,,,,
1181.002,65.4,,65.0,,,,,,,,,,,,,,,,,,,,,,,,,,,,,,
1181.152,65.3,,65.0,,,,50.36,,,,,,,,,,,,,,,,,,,,,,,,,,
1181.302,65.4,,65.0,,,,,,,,,,,,,,,,,,,,,,,,,,,,,,
1181.452,65.4,,65.0,,,,,,,,,,,,,,,,,,,,,,,,,,,,,,
1181.602,65.3,,65.0,,,,,,,,,,,,,,,,,,,,,,,,,,,,,,
1181.752,65.3,,65.0,,,,,,,,,,,,,,,,,,,,,,,,,,,,,,
1181.902,65.3,,65.0,,,,,,,,,,,,,,,,,,,,,,,,,,,,,,
1182.052,65.3,,65.0,,,,,,,,,,,,,,,,,,,,,,,,,,,,,,
1182.202,65.3,,65.0,,,,50.48,,,,,,,,,,,,,,,,,,,,,,,,,,
1182.352,65.3,,65.0,,,,,,,,,,,,,,,,,,,,,,,,,,,,,,
1182.502,65.3,,65.0,,,,,,,,,,,,,,,,,,,,,,,,,,,,,,
1182.652,65.3,,65.0,,,,,,,,,,,,,,,,,,,,,,,,,,,,,,
1182.802,65.3,,65.0,,,,,,,,,,,,,,,,,,,,,,,,,,,,,,
1182.952,65.4,,65.0,,,,,,,,,,,,,,,,,,,,,,,,,,,,,,
1183.102,65.3,,65.0,,,,50.51,,,,,,,,,,,,,,,,,,,,,,,,,,
1183.252,65.3,,65.0,,,,,,,,,,,,,,,,,,,,,,,,,,,,,,
1183.402,65.4,,65.0,,,,,,,,,,,,,,,,,,,,,,,,,,,,,,
1183.552,65.4,,65.0,,,,,,,,,,,,,,,,,,,,,,,,,,,,,,
1183.702,65.3,,65.0,,,,,,,,,,,,,,,,,,,,,,,,,,,,,,
1183.852,65.3,,65.0,,,,,,,,,,,,,,,,,,,,,,,,,,,,,,
1184.0,65.4,,65.0,,,,,,,,,,,,,,,,,,,,,,,,,,,,,,
1184.151,65.4,,65.0,,,,50.57,,,,,,,,,,,,,,,,,,,,,,,,,,
1184.302,65.3,,65.0,,,,,,,,,,,,,,,,,,,,,,,,,,,,,,
1184.452,65.3,,65.0,,,,,,,,,,,,,,,,,,,,,,,,,,,,,,
1184.602,65.3,,65.0,,,,,,,,,,,,,,,,,,,,,,,,,,,,,,
1184.752,65.3,,65.0,,,,,,,,,,,,,,,,,,,,,,,,,,,,,,
1184.902,65.3,,65.0,,,,,,,,,,,,,,,,,,,,,,,,,,,,,,
1185.052,65.3,,65.0,,,,,,,,,,,,,,,,,,,,,,,,,,,,,,
1185.202,65.4,,65.0,,,,50.82,,,,,,,,,,,,,,,,,,,,,,,,,,
1185.352,65.4,,65.0,,,,,,,,,,,,,,,,,,,,,,,,,,,,,,
1185.502,65.3,,65.0,,,,,,,,,,,,,,,,,,,,,,,,,,,,,,
1185.652,65.4,,65.0,,,,,,,,,,,,,,,,,,,,,,,,,,,,,,
1185.802,65.3,,65.0,,,,,,,,,,,,,,,,,,,,,,,,,,,,,,
1185.952,65.4,,65.0,,,,,,,,,,,,,,,,,,,,,,,,,,,,,,
1186.102,65.4,,65.0,,,,,,,,,,,,,,,,,,,,,,,,,,,,,,
1186.252,65.3,,65.0,,,,50.72,,,,,,,,,,,,,,,,,,,,,,,,,,
1186.402,65.4,,65.0,,,,,,,,,,,,,,,,,,,,,,,,,,,,,,
1186.552,65.4,,65.0,,,,,,,,,,,,,,,,,,,,,,,,,,,,,,
1186.7,65.4,,65.0,,,,,,,,,,,,,,,,,,,,,,,,,,,,,,
1186.852,65.3,,65.0,,,,,,,,,,,,,,,,,,,,,,,,,,,,,,
1187.001,65.4,,65.0,,,,,,,,,,,,,,,,,,,,,,,,,,,,,,
1187.151,65.4,,65.0,,,,50.83,,,,,,,,,,,,,,,,,,,,,,,,,,
1187.302,65.3,,65.0,,,,,,,,,,,,,,,,,,,,,,,,,,,,,,
1187.452,65.3,,65.0,,,,,,,,,,,,,,,,,,,,,,,,,,,,,,
1187.602,65.4,,65.0,,,,,,,,,,,,,,,,,,,,,,,,,,,,,,
1187.752,65.3,,65.0,,,,,,,,,,,,,,,,,,,,,,,,,,,,,,
1187.9,65.3,,65.0,,,,,,,,,,,,,,,,,,,,,,,,,,,,,,
1188.052,65.4,,65.0,,,,,,,,,,,,,,,,,,,,,,,,,,,,,,
1188.202,65.4,,65.0,,,,50.48,,,,,,,,,,,,,,,,,,,,,,,,,,
1188.352,65.4,,65.0,,,,,,,,,,,,,,,,,,,,,,,,,,,,,,
1188.502,65.3,,65.0,,,,,,,,,,,,,,,,,,,,,,,,,,,,,,
1188.652,65.4,,65.0,,,,,,,,,,,,,,,,,,,,,,,,,,,,,,
1188.802,65.4,,65.0,,,,,,,,,,,,,,,,,,,,,,,,,,,,,,
1188.952,65.4,,65.0,,,,,,,,,,,,,,,,,,,,,,,,,,,,,,
1189.102,65.4,,65.0,,,,,,,,,,,,,,,,,,,,,,,,,,,,,,
1189.252,65.4,,65.0,,,,50.9,,,,,,,,,,,,,,,,,,,,,,,,,,
1189.402,65.4,,65.0,,,,,,,,,,,,,,,,,,,,,,,,,,,,,,
1189.552,65.4,,65.0,,,,,,,,,,,,,,,,,,,,,,,,,,,,,,
1189.702,65.4,,65.0,,,,,,,,,,,,,,,,,,,,,,,,,,,,,,
1189.852,65.4,,65.0,,,,,,,,,,,,,,,,,,,,,,,,,,,,,,
1190.002,65.3,,65.0,,,,,,,,,,,,,,,,,,,,,,,,,,,,,,
1190.152,65.3,,65.0,,,,,,,,,,,,,,,,,,,,,,,,,,,,,,
1190.302,65.3,,65.0,,,,50.58,,,,,,,,,,,,,,,,,,,,,,,,,,
1190.452,65.3,,65.0,,,,,,,,,,,,,,,,,,,,,,,,,,,,,,
1190.602,65.4,,65.0,,,,,,,,,,,,,,,,,,,,,,,,,,,,,,
1190.752,65.3,,65.0,,,,,,,,,,,,,,,,,,,,,,,,,,,,,,
1190.902,65.4,,65.0,,,,,,,,,,,,,,,,,,,,,,,,,,,,,,
1191.052,65.3,,65.0,,,,,,,,,,,,,,,,,,,,,,,,,,,,,,
1191.2,65.3,,65.0,,,,50.58,,,,,,,,,,,,,,,,,,,,,,,,,,
1191.352,65.4,,65.0,,,,,,,,,,,,,,,,,,,,,,,,,,,,,,
1191.502,65.4,,65.0,,,,,,,,,,,,,,,,,,,,,,,,,,,,,,
1191.652,65.4,,65.0,,,,,,,,,,,,,,,,,,,,,,,,,,,,,,
1191.802,65.3,,65.0,,,,,,,,,,,,,,,,,,,,,,,,,,,,,,
1191.95,65.3,,65.0,,,,,,,,,,,,,,,,,,,,,,,,,,,,,,
1192.101,65.3,,65.0,,,,,,,,,,,,,,,,,,,,,,,,,,,,,,
1192.251,65.3,,65.0,,,,50.67,,,,,,,,,,,,,,,,,,,,,,,,,,
1192.401,65.3,,65.0,,,,,,,,,,,,,,,,,,,,,,,,,,,,,,
1192.552,65.4,,65.0,,,,,,,,,,,,,,,,,,,,,,,,,,,,,,
1192.702,65.4,,65.0,,,,,,,,,,,,,,,,,,,,,,,,,,,,,,
1192.852,65.4,,65.0,,,,,,,,,,,,,,,,,,,,,,,,,,,,,,
1193.002,65.4,,65.0,,,,,,,,,,,,,,,,,,,,,,,,,,,,,,
1193.152,65.4,,65.0,,,,,,,,,,,,,,,,,,,,,,,,,,,,,,
1193.302,65.4,,65.0,,,,51.16,,,,,,,,,,,,,,,,,,,,,,,,,,
1193.452,65.4,,65.0,,,,,,,,,,,,,,,,,,,,,,,,,,,,,,
1193.602,65.3,,65.0,,,,,,,,,,,,,,,,,,,,,,,,,,,,,,
1193.752,65.3,,65.0,,,,,,,,,,,,,,,,,,,,,,,,,,,,,,
1193.902,65.3,,65.0,,,,,,,,,,,,,,,,,,,,,,,,,,,,,,
1194.052,65.3,,65.0,,,,,,,,,,,,,,,,,,,,,,,,,,,,,,
1194.202,65.3,,65.0,,,,50.79,,,,,,,,,,,,,,,,,,,,,,,,,,
1194.35,65.3,,65.0,,,,,,,,,,,,,,,,,,,,,,,,,,,,,,
1194.501,65.3,,65.0,,,,,,,,,,,,,,,,,,,,,,,,,,,,,,
1194.651,65.3,,65.0,,,,,,,,,,,,,,,,,,,,,,,,,,,,,,
1194.801,65.3,,65.0,,,,,,,,,,,,,,,,,,,,,,,,,,,,,,
1194.951,65.3,,65.0,,,,,,,,,,,,,,,,,,,,,,,,,,,,,,
1195.102,65.4,,65.0,,,,,,,,,,,,,,,,,,,,,,,,,,,,,,
1195.252,65.4,,65.0,,,,51.22,,,,,,,,,,,,,,,,,,,,,,,,,,
1195.402,65.3,,65.0,,,,,,,,,,,,,,,,,,,,,,,,,,,,,,
1195.552,65.3,,65.0,,,,,,,,,,,,,,,,,,,,,,,,,,,,,,
1195.702,65.4,,65.0,,,,,,,,,,,,,,,,,,,,,,,,,,,,,,
1195.852,65.3,,65.0,,,,,,,,,,,,,,,,,,,,,,,,,,,,,,
1196.002,65.3,,65.0,,,,,,,,,,,,,,,,,,,,,,,,,,,,,,
1196.152,65.3,,65.0,,,,,,,,,,,,,,,,,,,,,,,,,,,,,,
1196.302,65.3,,65.0,,,,50.82,,,,,,,,,,,,,,,,,,,,,,,,,,
1196.452,65.4,,65.0,,,,,,,,,,,,,,,,,,,,,,,,,,,,,,
1196.602,65.3,,65.0,,,,,,,,,,,,,,,,,,,,,,,,,,,,,,
1196.752,65.4,,65.0,,,,,,,,,,,,,,,,,,,,,,,,,,,,,,
1196.9,65.3,,65.0,,,,,,,,,,,,,,,,,,,,,,,,,,,,,,
1197.05,65.3,,65.0,,,,,,,,,,,,,,,,,,,,,,,,,,,,,,
1197.201,65.3,,65.0,,,,,,,,,,,,,,,,,,,,,,,,,,,,,,
1197.352,65.4,,65.0,,,,51.33,,,,,,,,,,,,,,,,,,,,,,,,,,
1197.501,65.3,,65.0,,,,,,,,,,,,,,,,,,,,,,,,,,,,,,
1197.652,65.4,,65.0,,,,,,,,,,,,,,,,,,,,,,,,,,,,,,
1197.802,65.4,,65.0,,,,,,,,,,,,,,,,,,,,,,,,,,,,,,
1197.952,65.3,,65.0,,,,,,,,,,,,,,,,,,,,,,,,,,,,,,
1198.102,65.4,,65.0,,,,,,,,,,,,,,,,,,,,,,,,,,,,,,
1198.252,65.4,,65.0,,,,51.41,,,,,,,,,,,,,,,,,,,,,,,,,,
1198.402,65.4,,65.0,,,,,,,,,,,,,,,,,,,,,,,,,,,,,,
1198.55,65.3,,65.0,,,,,,,,,,,,,,,,,,,,,,,,,,,,,,
1198.701,65.3,,65.0,,,,,,,,,,,,,,,,,,,,,,,,,,,,,,
1198.852,65.4,,65.0,,,,,,,,,,,,,,,,,,,,,,,,,,,,,,
1199.002,65.4,,65.0,,,,,,,,,,,,,,,,,,,,,,,,,,,,,,
1199.152,65.4,,65.0,,,,,,,,,,,,,,,,,,,,,,,,,,,,,,
1199.302,65.4,,65.0,,,,51.44,,,,,,,,,,,,,,,,,,,,,,,,,,
1199.452,65.3,,65.0,,,,,,,,,,,,,,,,,,,,,,,,,,,,,,
1199.602,65.4,,65.0,,,,,,,,,,,,,,,,,,,,,,,,,,,,,,
1199.752,65.4,,65.0,,,,,,,,,,,,,,,,,,,,,,,,,,,,,,
1199.901,65.3,,65.0,,,,,,,,,,,,,,,,,,,,,,,,,,,,,,
1200.051,65.3,,65.0,,,,,,,,,,,,,,,,,,,,,,,,,,,,,,
1200.202,65.3,,65.0,,,,,,,,,,,,,,,,,,,,,,,,,,,,,,
1200.352,65.3,,65.0,,,,51.46,,,,,,,,,,,,,,,,,,,,,,,,,,
1200.502,65.4,,65.0,,,,,,,,,,,,,,,,,,,,,,,,,,,,,,
1200.652,65.3,,65.0,,,,,,,,,,,,,,,,,,,,,,,,,,,,,,
1200.8,65.3,,65.0,,,,,,,,,,,,,,,,,,,,,,,,,,,,,,
1200.95,65.3,,65.0,,,,,,,,,,,,,,,,,,,,,,,,,,,,,,
1201.101,65.3,,65.0,,,,,,,,,,,,,,,,,,,,,,,,,,,,,,
1201.251,65.3,,65.0,,,,,,,,,,,,,,,,,,,,,,,,,,,,,,
1201.401,65.3,,65.0,,,,51.18,,,,,,,,,,,,,,,,,,,,,,,,,,
1201.552,65.3,,65.0,,,,,,,,,,,,,,,,,,,,,,,,,,,,,,
1201.702,65.4,,65.0,,,,,,,,,,,,,,,,,,,,,,,,,,,,,,
1201.852,65.4,,65.0,,,,,,,,,,,,,,,,,,,,,,,,,,,,,,
1202.002,65.4,,65.0,,,,,,,,,,,,,,,,,,,,,,,,,,,,,,
1202.152,65.4,,65.0,,,,,,,,,,,,,,,,,,,,,,,,,,,,,,
1202.301,65.3,,65.0,,,,51.24,,,,,,,,,,,,,,,,,,,,,,,,,,
1202.452,65.4,,65.0,,,,,,,,,,,,,,,,,,,,,,,,,,,,,,
1202.602,65.4,,65.0,,,,,,,,,,,,,,,,,,,,,,,,,,,,,,
1202.751,65.3,,65.0,,,,,,,,,,,,,,,,,,,,,,,,,,,,,,
1202.902,65.4,,65.0,,,,,,,,,,,,,,,,,,,,,,,,,,,,,,
1203.052,65.4,,65.0,,,,,,,,,,,,,,,,,,,,,,,,,,,,,,
1203.202,65.3,,65.0,,,,,,,,,,,,,,,,,,,,,,,,,,,,,,
1203.352,65.3,,65.0,,,,51.32,,,,,,,,,,,,,,,,,,,,,,,,,,
1203.502,65.4,,65.0,,,,,,,,,,,,,,,,,,,,,,,,,,,,,,
1203.652,65.4,,65.0,,,,,,,,,,,,,,,,,,,,,,,,,,,,,,
1203.802,65.3,,65.0,,,,,,,,,,,,,,,,,,,,,,,,,,,,,,
1203.952,65.3,,65.0,,,,,,,,,,,,,,,,,,,,,,,,,,,,,,
1204.102,65.4,,65.0,,,,,,,,,,,,,,,,,,,,,,,,,,,,,,
1204.252,65.4,,65.0,,,,,,,,,,,,,,,,,,,,,,,,,,,,,,
1204.402,65.3,,65.0,,,,51.25,,,,,,,,,,,,,,,,,,,,,,,,,,
1204.55,65.5,,65.0,,,,,,,,,,,,,,,,,,,,,,,,,,,,,,
1204.702,65.4,,65.0,,,,,,,,,,,,,,,,,,,,,,,,,,,,,,
1204.852,65.4,,65.0,,,,,,,,,,,,,,,,,,,,,,,,,,,,,,
1205.002,65.4,,65.0,,,,,,,,,,,,,,,,,,,,,,,,,,,,,,
1205.151,65.3,,65.0,,,,,,,,,,,,,,,,,,,,,,,,,,,,,,
1205.302,65.4,,65.0,,,,51.41,,,,,,,,,,,,,,,,,,,,,,,,,,
1205.452,65.4,,65.0,,,,,,,,,,,,,,,,,,,,,,,,,,,,,,
1205.602,65.3,,65.0,,,,,,,,,,,,,,,,,,,,,,,,,,,,,,
1205.752,65.4,,65.0,,,,,,,,,,,,,,,,,,,,,,,,,,,,,,
1205.902,65.4,,65.0,,,,,,,,,,,,,,,,,,,,,,,,,,,,,,
1206.052,65.4,,65.0,,,,,,,,,,,,,,,,,,,,,,,,,,,,,,
1206.202,65.4,,65.0,,,,,,,,,,,,,,,,,,,,,,,,,,,,,,
1206.351,65.3,,65.0,,,,51.5,,,,,,,,,,,,,,,,,,,,,,,,,,
1206.502,65.3,,65.0,,,,,,,,,,,,,,,,,,,,,,,,,,,,,,
1206.652,65.3,,65.0,,,,,,,,,,,,,,,,,,,,,,,,,,,,,,
1206.802,65.3,,65.0,,,,,,,,,,,,,,,,,,,,,,,,,,,,,,
1206.952,65.3,,65.0,,,,,,,,,,,,,,,,,,,,,,,,,,,,,,
1207.101,65.4,,65.0,,,,,,,,,,,,,,,,,,,,,,,,,,,,,,
1207.251,65.4,,65.0,,,,,,,,,,,,,,,,,,,,,,,,,,,,,,
1207.402,65.3,,65.0,,,,51.52,,,,,,,,,,,,,,,,,,,,,,,,,,
1207.552,65.3,,65.0,,,,,,,,,,,,,,,,,,,,,,,,,,,,,,
1207.7,65.3,,65.0,,,,,,,,,,,,,,,,,,,,,,,,,,,,,,
1207.852,65.4,,65.0,,,,,,,,,,,,,,,,,,,,,,,,,,,,,,
1208.002,65.4,,65.0,,,,,,,,,,,,,,,,,,,,,,,,,,,,,,
1208.151,65.3,,65.0,,,,,,,,,,,,,,,,,,,,,,,,,,,,,,
1208.302,65.4,,65.0,,,,,,,,,,,,,,,,,,,,,,,,,,,,,,
1208.452,65.3,,65.0,,,,51.7,,,,,,,,,,,,,,,,,,,,,,,,,,
1208.602,65.3,,65.0,,,,,,,,,,,,,,,,,,,,,,,,,,,,,,
1208.752,65.3,,65.0,,,,,,,,,,,,,,,,,,,,,,,,,,,,,,
1208.902,65.4,,65.0,,,,,,,,,,,,,,,,,,,,,,,,,,,,,,
1209.052,65.4,,65.0,,,,,,,,,,,,,,,,,,,,,,,,,,,,,,
1209.2,65.3,,65.0,,,,,,,,,,,,,,,,,,,,,,,,,,,,,,
1209.35,65.3,,65.0,,,,51.73,,,,,,,,,,,,,,,,,,,,,,,,,,
1209.501,65.3,,65.0,,,,,,,,,,,,,,,,,,,,,,,,,,,,,,
1209.651,65.3,,65.0,,,,,,,,,,,,,,,,,,,,,,,,,,,,,,
1209.801,65.3,,65.0,,,,,,,,,,,,,,,,,,,,,,,,,,,,,,
1209.952,65.3,,65.0,,,,,,,,,,,,,,,,,,,,,,,,,,,,,,
1210.102,65.4,,65.0,,,,,,,,,,,,,,,,,,,,,,,,,,,,,,
1210.252,65.3,,65.0,,,,,,,,,,,,,,,,,,,,,,,,,,,,,,
1210.4,65.5,,65.0,,,,51.73,,,,,,,,,,,,,,,,,,,,,,,,,,
1210.552,65.4,,65.0,,,,,,,,,,,,,,,,,,,,,,,,,,,,,,
1210.702,65.4,,65.0,,,,,,,,,,,,,,,,,,,,,,,,,,,,,,
1210.852,65.4,,65.0,,,,,,,,,,,,,,,,,,,,,,,,,,,,,,
1211.002,65.4,,65.0,,,,,,,,,,,,,,,,,,,,,,,,,,,,,,
1211.151,65.3,,65.0,,,,,,,,,,,,,,,,,,,,,,,,,,,,,,
1211.302,65.4,,65.0,,,,,,,,,,,,,,,,,,,,,,,,,,,,,,
1211.452,65.4,,65.0,,,,51.45,,,,,,,,,,,,,,,,,,,,,,,,,,
1211.602,65.4,,65.0,,,,,,,,,,,,,,,,,,,,,,,,,,,,,,
1211.751,65.3,,65.0,,,,,,,,,,,,,,,,,,,,,,,,,,,,,,
1211.9,65.3,,65.0,,,,,,,,,,,,,,,,,,,,,,,,,,,,,,
1212.052,65.4,,65.0,,,,,,,,,,,,,,,,,,,,,,,,,,,,,,
1212.201,65.3,,65.0,,,,,,,,,,,,,,,,,,,,,,,,,,,,,,
1212.351,65.3,,65.0,,,,,,,,,,,,,,,,,,,,,,,,,,,,,,
1212.5,65.3,,65.0,,,,51.52,,,,,,,,,,,,,,,,,,,,,,,,,,
1212.65,65.3,,65.0,,,,,,,,,,,,,,,,,,,,,,,,,,,,,,
1212.802,65.4,,65.0,,,,,,,,,,,,,,,,,,,,,,,,,,,,,,
1212.952,65.4,,65.0,,,,,,,,,,,,,,,,,,,,,,,,,,,,,,
1213.102,65.3,,65.0,,,,,,,,,,,,,,,,,,,,,,,,,,,,,,
1213.252,65.4,,65.0,,,,,,,,,,,,,,,,,,,,,,,,,,,,,,
1213.402,65.4,,65.0,,,,51.47,,,,,,,,,,,,,,,,,,,,,,,,,,
1213.552,65.4,,65.0,,,,,,,,,,,,,,,,,,,,,,,,,,,,,,
1213.702,65.4,,65.0,,,,,,,,,,,,,,,,,,,,,,,,,,,,,,
1213.852,65.4,,65.0,,,,,,,,,,,,,,,,,,,,,,,,,,,,,,
1214.001,65.3,,65.0,,,,,,,,,,,,,,,,,,,,,,,,,,,,,,
1214.152,65.4,,65.0,,,,,,,,,,,,,,,,,,,,,,,,,,,,,,
1214.302,65.4,,65.0,,,,,,,,,,,,,,,,,,,,,,,,,,,,,,
1214.452,65.4,,65.0,,,,51.86,,,,,,,,,,,,,,,,,,,,,,,,,,
1214.6,65.3,,65.0,,,,,,,,,,,,,,,,,,,,,,,,,,,,,,
1214.75,65.3,,65.0,,,,,,,,,,,,,,,,,,,,,,,,,,,,,,
1214.901,65.3,,65.0,,,,,,,,,,,,,,,,,,,,,,,,,,,,,,
1215.052,65.4,,65.0,,,,,,,,,,,,,,,,,,,,,,,,,,,,,,
1215.202,65.4,,65.0,,,,,,,,,,,,,,,,,,,,,,,,,,,,,,
1215.352,65.3,,65.0,,,,,,,,,,,,,,,,,,,,,,,,,,,,,,
1215.502,65.4,,65.0,,,,51.59,,,,,,,,,,,,,,,,,,,,,,,,,,
1215.652,65.4,,65.0,,,,,,,,,,,,,,,,,,,,,,,,,,,,,,
1215.802,65.3,,65.0,,,,,,,,,,,,,,,,,,,,,,,,,,,,,,
1215.952,65.4,,65.0,,,,,,,,,,,,,,,,,,,,,,,,,,,,,,
1216.1,65.5,,65.0,,,,,,,,,,,,,,,,,,,,,,,,,,,,,,
1216.252,65.4,,65.0,,,,,,,,,,,,,,,,,,,,,,,,,,,,,,
1216.402,65.4,,65.0,,,,51.66,,,,,,,,,,,,,,,,,,,,,,,,,,
1216.552,65.4,,65.0,,,,,,,,,,,,,,,,,,,,,,,,,,,,,,
1216.702,65.4,,65.0,,,,,,,,,,,,,,,,,,,,,,,,,,,,,,
1216.852,65.4,,65.0,,,,,,,,,,,,,,,,,,,,,,,,,,,,,,
1217.002,65.3,,65.0,,,,,,,,,,,,,,,,,,,,,,,,,,,,,,
1217.152,65.3,,65.0,,,,,,,,,,,,,,,,,,,,,,,,,,,,,,
1217.302,65.3,,65.0,,,,,,,,,,,,,,,,,,,,,,,,,,,,,,
1217.452,65.4,,65.0,,,,52.12,,,,,,,,,,,,,,,,,,,,,,,,,,
1217.602,65.3,,65.0,,,,,,,,,,,,,,,,,,,,,,,,,,,,,,
1217.752,65.3,,65.0,,,,,,,,,,,,,,,,,,,,,,,,,,,,,,
1217.902,65.4,,65.0,,,,,,,,,,,,,,,,,,,,,,,,,,,,,,
1218.052,65.3,,65.0,,,,,,,,,,,,,,,,,,,,,,,,,,,,,,
1218.202,65.4,,65.0,,,,,,,,,,,,,,,,,,,,,,,,,,,,,,
1218.352,65.4,,65.0,,,,,,,,,,,,,,,,,,,,,,,,,,,,,,
1218.502,65.4,,65.0,,,,51.67,,,,,,,,,,,,,,,,,,,,,,,,,,
1218.652,65.3,,65.0,,,,,,,,,,,,,,,,,,,,,,,,,,,,,,
1218.802,65.3,,65.0,,,,,,,,,,,,,,,,,,,,,,,,,,,,,,
1218.952,65.3,,65.0,,,,,,,,,,,,,,,,,,,,,,,,,,,,,,
1219.101,65.4,,65.0,,,,,,,,,,,,,,,,,,,,,,,,,,,,,,
1219.252,65.3,,65.0,,,,,,,,,,,,,,,,,,,,,,,,,,,,,,
1219.402,65.3,,65.0,,,,,,,,,,,,,,,,,,,,,,,,,,,,,,
1219.552,65.3,,65.0,,,,51.77,,,,,,,,,,,,,,,,,,,,,,,,,,
1219.702,65.3,,65.0,,,,,,,,,,,,,,,,,,,,,,,,,,,,,,
1219.852,65.4,,65.0,,,,,,,,,,,,,,,,,,,,,,,,,,,,,,
1220.002,65.4,,65.0,,,,,,,,,,,,,,,,,,,,,,,,,,,,,,
1220.152,65.4,,65.0,,,,,,,,,,,,,,,,,,,,,,,,,,,,,,
1220.302,65.4,,65.0,,,,,,,,,,,,,,,,,,,,,,,,,,,,,,
1220.452,65.4,,65.0,,,,51.84,,,,,,,,,,,,,,,,,,,,,,,,,,
1220.602,65.4,,65.0,,,,,,,,,,,,,,,,,,,,,,,,,,,,,,
1220.752,65.4,,65.0,,,,,,,,,,,,,,,,,,,,,,,,,,,,,,
1220.902,65.4,,65.0,,,,,,,,,,,,,,,,,,,,,,,,,,,,,,
1221.052,65.3,,65.0,,,,,,,,,,,,,,,,,,,,,,,,,,,,,,
1221.202,65.3,,65.0,,,,,,,,,,,,,,,,,,,,,,,,,,,,,,
1221.352,65.3,,65.0,,,,,,,,,,,,,,,,,,,,,,,,,,,,,,
1221.502,65.3,,65.0,,,,52.24,,,,,,,,,,,,,,,,,,,,,,,,,,
1221.652,65.3,,65.0,,,,,,,,,,,,,,,,,,,,,,,,,,,,,,
1221.802,65.4,,65.0,,,,,,,,,,,,,,,,,,,,,,,,,,,,,,
1221.95,65.3,,65.0,,,,,,,,,,,,,,,,,,,,,,,,,,,,,,
1222.102,65.4,,65.0,,,,,,,,,,,,,,,,,,,,,,,,,,,,,,
1222.251,65.3,,65.0,,,,,,,,,,,,,,,,,,,,,,,,,,,,,,
1222.402,65.4,,65.0,,,,,,,,,,,,,,,,,,,,,,,,,,,,,,
1222.552,65.4,,65.0,,,,51.98,,,,,,,,,,,,,,,,,,,,,,,,,,
1222.702,65.4,,65.0,,,,,,,,,,,,,,,,,,,,,,,,,,,,,,
1222.85,65.3,,65.0,,,,,,,,,,,,,,,,,,,,,,,,,,,,,,
1223.002,65.4,,65.0,,,,,,,,,,,,,,,,,,,,,,,,,,,,,,
1223.151,65.3,,65.0,,,,,,,,,,,,,,,,,,,,,,,,,,,,,,
1223.302,65.4,,65.0,,,,,,,,,,,,,,,,,,,,,,,,,,,,,,
1223.452,65.3,,65.0,,,,,,,,,,,,,,,,,,,,,,,,,,,,,,
1223.602,65.4,,65.0,,,,51.93,,,,,,,,,,,,,,,,,,,,,,,,,,
1223.752,65.4,,65.0,,,,,,,,,,,,,,,,,,,,,,,,,,,,,,
1223.902,65.4,,65.0,,,,,,,,,,,,,,,,,,,,,,,,,,,,,,
1224.052,65.3,,65.0,,,,,,,,,,,,,,,,,,,,,,,,,,,,,,
1224.202,65.3,,65.0,,,,,,,,,,,,,,,,,,,,,,,,,,,,,,
1224.352,65.3,,65.0,,,,,,,,,,,,,,,,,,,,,,,,,,,,,,
1224.502,65.3,,65.0,,,,51.94,,,,,,,,,,,,,,,,,,,,,,,,,,
1224.651,65.4,,65.0,,,,,,,,,,,,,,,,,,,,,,,,,,,,,,
1224.802,65.3,,65.0,,,,,,,,,,,,,,,,,,,,,,,,,,,,,,
1224.952,65.3,,65.0,,,,,,,,,,,,,,,,,,,,,,,,,,,,,,
1225.102,65.4,,65.0,,,,,,,,,,,,,,,,,,,,,,,,,,,,,,
1225.252,65.4,,65.0,,,,,,,,,,,,,,,,,,,,,,,,,,,,,,
1225.402,65.4,,65.0,,,,,,,,,,,,,,,,,,,,,,,,,,,,,,
1225.551,65.3,,65.0,,,,52.12,,,,,,,,,,,,,,,,,,,,,,,,,,
1225.702,65.4,,65.0,,,,,,,,,,,,,,,,,,,,,,,,,,,,,,
1225.852,65.4,,65.0,,,,,,,,,,,,,,,,,,,,,,,,,,,,,,
1226.002,65.3,,65.0,,,,,,,,,,,,,,,,,,,,,,,,,,,,,,
1226.15,65.3,,65.0,,,,,,,,,,,,,,,,,,,,,,,,,,,,,,
1226.301,65.3,,65.0,,,,,,,,,,,,,,,,,,,,,,,,,,,,,,
1226.45,65.5,,65.0,,,,,,,,,,,,,,,,,,,,,,,,,,,,,,
1226.602,65.4,,65.0,,,,52.04,,,,,,,,,,,,,,,,,,,,,,,,,,
1226.752,65.4,,65.0,,,,,,,,,,,,,,,,,,,,,,,,,,,,,,
1226.901,65.3,,65.0,,,,,,,,,,,,,,,,,,,,,,,,,,,,,,
1227.051,65.3,,65.0,,,,,,,,,,,,,,,,,,,,,,,,,,,,,,
1227.202,65.3,,65.0,,,,,,,,,,,,,,,,,,,,,,,,,,,,,,
1227.352,65.4,,65.0,,,,,,,,,,,,,,,,,,,,,,,,,,,,,,
1227.502,65.3,,65.0,,,,51.96,,,,,,,,,,,,,,,,,,,,,,,,,,
1227.652,65.3,,65.0,,,,,,,,,,,,,,,,,,,,,,,,,,,,,,
1227.802,65.4,,65.0,,,,,,,,,,,,,,,,,,,,,,,,,,,,,,
1227.95,65.3,,115.0,,,,,,,,,,,,,,,,,,,,,,,,,,,,,,
1228.101,65.5,,115.0,,,,,,,,,,,,,,,,,,,,,,,,,,,,,,
1228.25,66.1,,115.0,,,,,,,,,,,,,,,,,,,,,,,,,,,,,,
1228.401,66.5,,115.0,,,,,,,,,,,,,,,,,,,,,,,,,,,,,,
1228.55,67.2,,115.0,,,,52.03,,,,,,,,,,,,,,,,,,,,,,,,,,
1228.7,68.0,,115.0,,,,,,,,,,,,,,,,,,,,,,,,,,,,,,
1228.85,68.8,,115.0,,,,,,,,,,,,,,,,,,,,,,,,,,,,,,
1229.0,70.0,,115.0,,,,,,,,,,,,,,,,,,,,,,,,,,,,,,
1229.15,71.3,,115.0,,,,,,,,,,,,,,,,,,,,,,,,,,,,,,
1229.3,72.2,,115.0,,,,,,,,,,,,,,,,,,,,,,,,,,,,,,
1229.45,73.2,,115.0,,,,,,,,,,,,,,,,,,,,,,,,,,,,,,
1229.6,74.2,,115.0,,,,52.46,,,,,,,,,,,,,,,,,,,,,,,,,,
1229.75,75.1,,115.0,,,,,,,,,,,,,,,,,,,,,,,,,,,,,,
1229.9,75.9,,115.0,,,,,,,,,,,,,,,,,,,,,,,,,,,,,,
1230.05,76.9,,115.0,,,,,,,,,,,,,,,,,,,,,,,,,,,,,,
1230.2,77.7,,115.0,,,,,,,,,,,,,,,,,,,,,,,,,,,,,,
1230.35,78.6,,115.0,,,,,,,,,,,,,,,,,,,,,,,,,,,,,,
1230.5,79.7,,115.0,,,,,,,,,,,,,,,,,,,,,,,,,,,,,,
1230.65,80.4,,115.0,,,,52.57,,,,,,,,,,,,,,,,,,,,,,,,,,
1230.8,81.1,,115.0,,,,,,,,,,,,,,,,,,,,,,,,,,,,,,
1230.95,82.1,,115.0,,,,,,,,,,,,,,,,,,,,,,,,,,,,,,
1231.1,82.6,,115.0,,,,,,,,,,,,,,,,,,,,,,,,,,,,,,
1231.25,83.6,,115.0,,,,,,,,,,,,,,,,,,,,,,,,,,,,,,
1231.4,84.6,,115.0,,,,,,,,,,,,,,,,,,,,,,,,,,,,,,
1231.55,85.4,,115.0,,,,52.71,,,,,,,,,,,,,,,,,,,,,,,,,,
1231.701,86.1,,115.0,,,,,,,,,,,,,,,,,,,,,,,,,,,,,,
1231.85,86.5,,115.0,,,,,,,,,,,,,,,,,,,,,,,,,,,,,,
1232.001,87.3,,115.0,,,,,,,,,,,,,,,,,,,,,,,,,,,,,,
1232.151,87.8,,115.0,,,,,,,,,,,,,,,,,,,,,,,,,,,,,,
1232.301,88.2,,115.0,,,,,,,,,,,,,,,,,,,,,,,,,,,,,,
1232.45,88.7,,115.0,,,,,,,,,,,,,,,,,,,,,,,,,,,,,,
1232.6,89.1,,115.0,,,,52.64,,,,,,,,,,,,,,,,,,,,,,,,,,
1232.75,89.6,,115.0,,,,,,,,,,,,,,,,,,,,,,,,,,,,,,
1232.9,90.0,,115.0,,,,,,,,,,,,,,,,,,,,,,,,,,,,,,
1233.05,90.8,,115.0,,,,,,,,,,,,,,,,,,,,,,,,,,,,,,
1233.201,91.0,,115.0,,,,,,,,,,,,,,,,,,,,,,,,,,,,,,
1233.351,91.2,,115.0,,,,,,,,,,,,,,,,,,,,,,,,,,,,,,
1233.501,92.0,,115.0,,,,,,,,,,,,,,,,,,,,,,,,,,,,,,
1233.65,92.7,,115.0,,,,54.02,,,,,,,,,,,,,,,,,,,,,,,,,,
1233.8,93.2,,115.0,,,,,,,,,,,,,,,,,,,,,,,,,,,,,,
1233.95,93.7,,115.0,,,,,,,,,,,,,,,,,,,,,,,,,,,,,,
1234.1,94.2,,115.0,,,,,,,,,,,,,,,,,,,,,,,,,,,,,,
1234.25,95.0,,115.0,,,,,,,,,,,,,,,,,,,,,,,,,,,,,,
1234.401,95.3,,115.0,,,,,,,,,,,,,,,,,,,,,,,,,,,,,,
1234.551,95.0,,115.0,,,,54.91,,,,,,,,,,,,,,,,,,,,,,,,,,
1234.701,95.3,,115.0,,,,,,,,,,,,,,,,,,,,,,,,,,,,,,
1234.85,95.8,,115.0,,,,,,,,,,,,,,,,,,,,,,,,,,,,,,
1235.001,95.8,,115.0,,,,,,,,,,,,,,,,,,,,,,,,,,,,,,
1235.15,96.7,,115.0,,,,,,,,,,,,,,,,,,,,,,,,,,,,,,
1235.301,96.7,,115.0,,,,,,,,,,,,,,,,,,,,,,,,,,,,,,
1235.45,97.5,,115.0,,,,,,,,,,,,,,,,,,,,,,,,,,,,,,
1235.601,97.8,,115.0,,,,56.1,,,,,,,,,,,,,,,,,,,,,,,,,,
1235.751,97.8,,115.0,,,,,,,,,,,,,,,,,,,,,,,,,,,,,,
1235.901,98.1,,115.0,,,,,,,,,,,,,,,,,,,,,,,,,,,,,,
1236.05,98.6,,115.0,,,,,,,,,,,,,,,,,,,,,,,,,,,,,,
1236.201,98.9,,115.0,,,,,,,,,,,,,,,,,,,,,,,,,,,,,,
1236.351,99.5,,115.0,,,,,,,,,,,,,,,,,,,,,,,,,,,,,,
1236.5,100.4,,115.0,,,,,,,,,,,,,,,,,,,,,,,,,,,,,,
1236.651,100.4,,115.0,,,,57.4,,,,,,,,,,,,,,,,,,,,,,,,,,
1236.801,100.7,,115.0,,,,,,,,,,,,,,,,,,,,,,,,,,,,,,
1236.951,101.0,,115.0,,,,,,,,,,,,,,,,,,,,,,,,,,,,,,
1237.1,102.0,,115.0,,,,,,,,,,,,,,,,,,,,,,,,,,,,,,
1237.251,102.3,,115.0,,,,,,,,,,,,,,,,,,,,,,,,,,,,,,
1237.4,103.0,,115.0,,,,,,,,,,,,,,,,,,,,,,,,,,,,,,
1237.55,103.3,,115.0,,,,,,,,,,,,,,,,,,,,,,,,,,,,,,
1237.701,104.3,,115.0,,,,59.95,,,,,,,,,,,,,,,,,,,,,,,,,,
1237.851,103.9,,115.0,,,,,,,,,,,,,,,,,,,,,,,,,,,,,,
1238.001,103.9,,115.0,,,,,,,,,,,,,,,,,,,,,,,,,,,,,,
1238.151,103.9,,115.0,,,,,,,,,,,,,,,,,,,,,,,,,,,,,,
1238.301,104.6,,115.0,,,,,,,,,,,,,,,,,,,,,,,,,,,,,,
1238.451,105.0,,115.0,,,,,,,,,,,,,,,,,,,,,,,,,,,,,,
1238.6,105.7,,115.0,,,,,,,,,,,,,,,,,,,,,,,,,,,,,,
1238.751,105.7,,115.0,,,,62.83,,,,,,,,,,,,,,,,,,,,,,,,,,
1238.901,106.4,,115.0,,,,,,,,,,,,,,,,,,,,,,,,,,,,,,
1239.051,106.4,,115.0,,,,,,,,,,,,,,,,,,,,,,,,,,,,,,
1239.201,106.7,,115.0,,,,,,,,,,,,,,,,,,,,,,,,,,,,,,
1239.351,107.1,,115.0,,,,,,,,,,,,,,,,,,,,,,,,,,,,,,
1239.501,107.4,,115.0,,,,,,,,,,,,,,,,,,,,,,,,,,,,,,
1239.651,107.4,,115.0,,,,62.4,,,,,,,,,,,,,,,,,,,,,,,,,,
1239.801,107.8,,115.0,,,,,,,,,,,,,,,,,,,,,,,,,,,,,,
1239.951,108.2,,115.0,,,,,,,,,,,,,,,,,,,,,,,,,,,,,,
1240.101,108.9,,115.0,,,,,,,,,,,,,,,,,,,,,,,,,,,,,,
1240.251,109.3,,115.0,,,,,,,,,,,,,,,,,,,,,,,,,,,,,,
1240.401,108.9,,115.0,,,,,,,,,,,,,,,,,,,,,,,,,,,,,,
1240.552,108.9,,115.0,,,,,,,,,,,,,,,,,,,,,,,,,,,,,,
1240.702,108.9,,115.0,,,,60.18,,,,,,,,,,,,,,,,,,,,,,,,,,
1240.85,109.7,,115.0,,,,,,,,,,,,,,,,,,,,,,,,,,,,,,
1241.001,109.7,,115.0,,,,,,,,,,,,,,,,,,,,,,,,,,,,,,
1241.151,110.1,,115.0,,,,,,,,,,,,,,,,,,,,,,,,,,,,,,
1241.301,110.1,,115.0,,,,,,,,,,,,,,,,,,,,,,,,,,,,,,
1241.45,110.5,,115.0,,,,,,,,,,,,,,,,,,,,,,,,,,,,,,
1241.601,111.3,,115.0,,,,,,,,,,,,,,,,,,,,,,,,,,,,,,
1241.75,111.7,,115.0,,,,62.73,,,,,,,,,,,,,,,,,,,,,,,,,,
1241.901,111.7,,115.0,,,,,,,,,,,,,,,,,,,,,,,,,,,,,,
1242.051,112.1,,115.0,,,,,,,,,,,,,,,,,,,,,,,,,,,,,,
1242.2,112.9,,115.0,,,,,,,,,,,,,,,,,,,,,,,,,,,,,,
1242.35,113.3,,115.0,,,,,,,,,,,,,,,,,,,,,,,,,,,,,,
1242.501,113.8,,115.0,,,,,,,,,,,,,,,,,,,,,,,,,,,,,,
1242.65,115.1,,115.0,,,,,,,,,,,,,,,,,,,,,,,,,,,,,,
1242.8,115.5,,115.0,,,,63.21,,,,,,,,,,,,,,,,,,,,,,,,,,
1242.951,115.1,,115.0,,,,,,,,,,,,,,,,,,,,,,,,,,,,,,
1243.1,114.6,,115.0,,,,,,,,,,,,,,,,,,,,,,,,,,,,,,
1243.251,114.2,,115.0,,,,,,,,,,,,,,,,,,,,,,,,,,,,,,
1243.4,113.8,,115.0,,,,,,,,,,,,,,,,,,,,,,,,,,,,,,
1243.551,113.8,,115.0,,,,,,,,,,,,,,,,,,,,,,,,,,,,,,
1243.701,114.2,,115.0,,,,64.0,,,,,,,,,,,,,,,,,,,,,,,,,,
1243.85,114.6,,115.0,,,,,,,,,,,,,,,,,,,,,,,,,,,,,,
1244.0,115.5,,115.0,,,,,,,,,,,,,,,,,,,,,,,,,,,,,,
1244.15,116.0,,115.0,,,,,,,,,,,,,,,,,,,,,,,,,,,,,,
1244.301,116.0,,115.0,,,,,,,,,,,,,,,,,,,,,,,,,,,,,,
1244.451,115.5,,115.0,,,,,,,,,,,,,,,,,,,,,,,,,,,,,,
1244.6,114.6,,115.0,,,,,,,,,,,,,,,,,,,,,,,,,,,,,,
1244.751,114.2,,115.0,,,,63.25,,,,,,,,,,,,,,,,,,,,,,,,,,
1244.9,113.3,,115.0,,,,,,,,,,,,,,,,,,,,,,,,,,,,,,
1245.05,113.3,,115.0,,,,,,,,,,,,,,,,,,,,,,,,,,,,,,
1245.2,114.2,,115.0,,,,,,,,,,,,,,,,,,,,,,,,,,,,,,
1245.35,114.6,,115.0,,,,,,,,,,,,,,,,,,,,,,,,,,,,,,
1245.5,115.1,,115.0,,,,,,,,,,,,,,,,,,,,,,,,,,,,,,
1245.65,115.5,,115.0,,,,,,,,,,,,,,,,,,,,,,,,,,,,,,
1245.801,115.1,,115.0,,,,61.89,,,,,,,,,,,,,,,,,,,,,,,,,,
1245.95,114.6,,115.0,,,,,,,,,,,,,,,,,,,,,,,,,,,,,,
1246.1,114.2,,115.0,,,,,,,,,,,,,,,,,,,,,,,,,,,,,,
1246.251,113.8,,115.0,,,,,,,,,,,,,,,,,,,,,,,,,,,,,,
1246.401,113.8,,115.0,,,,,,,,,,,,,,,,,,,,,,,,,,,,,,
1246.551,113.8,,115.0,,,,,,,,,,,,,,,,,,,,,,,,,,,,,,
1246.701,114.2,,115.0,,,,58.8,,,,,,,,,,,,,,,,,,,,,,,,,,
1246.85,115.1,,115.0,,,,,,,,,,,,,,,,,,,,,,,,,,,,,,
1247.0,115.5,,115.0,,,,,,,,,,,,,,,,,,,,,,,,,,,,,,
1247.151,115.5,,115.0,,,,,,,,,,,,,,,,,,,,,,,,,,,,,,
1247.301,115.1,,115.0,,,,,,,,,,,,,,,,,,,,,,,,,,,,,,
1247.45,114.6,,115.0,,,,,,,,,,,,,,,,,,,,,,,,,,,,,,
1247.6,113.8,,115.0,,,,,,,,,,,,,,,,,,,,,,,,,,,,,,
1247.751,113.8,,115.0,,,,61.83,,,,,,,,,,,,,,,,,,,,,,,,,,
1247.901,113.8,,115.0,,,,,,,,,,,,,,,,,,,,,,,,,,,,,,
1248.05,114.6,,115.0,,,,,,,,,,,,,,,,,,,,,,,,,,,,,,
1248.2,115.1,,115.0,,,,,,,,,,,,,,,,,,,,,,,,,,,,,,
1248.35,115.5,,115.0,,,,,,,,,,,,,,,,,,,,,,,,,,,,,,
1248.501,115.5,,115.0,,,,,,,,,,,,,,,,,,,,,,,,,,,,,,
1248.651,115.5,,115.0,,,,,,,,,,,,,,,,,,,,,,,,,,,,,,
1248.8,114.6,,115.0,,,,61.34,,,,,,,,,,,,,,,,,,,,,,,,,,
1248.95,113.8,,115.0,,,,,,,,,,,,,,,,,,,,,,,,,,,,,,
1249.1,113.3,,115.0,,,,,,,,,,,,,,,,,,,,,,,,,,,,,,
1249.251,113.3,,115.0,,,,,,,,,,,,,,,,,,,,,,,,,,,,,,
1249.4,113.8,,115.0,,,,,,,,,,,,,,,,,,,,,,,,,,,,,,
1249.55,114.2,,115.0,,,,,,,,,,,,,,,,,,,,,,,,,,,,,,
1249.7,114.6,,115.0,,,,,,,,,,,,,,,,,,,,,,,,,,,,,,
1249.85,115.1,,115.0,,,,59.79,,,,,,,,,,,,,,,,,,,,,,,,,,
1250.0,116.0,,115.0,,,,,,,,,,,,,,,,,,,,,,,,,,,,,,
1250.15,116.0,,115.0,,,,,,,,,,,,,,,,,,,,,,,,,,,,,,
1250.301,115.5,,115.0,,,,,,,,,,,,,,,,,,,,,,,,,,,,,,
1250.45,115.1,,115.0,,,,,,,,,,,,,,,,,,,,,,,,,,,,,,
1250.6,114.2,,115.0,,,,,,,,,,,,,,,,,,,,,,,,,,,,,,
1250.75,113.8,,115.0,,,,60.56,,,,,,,,,,,,,,,,,,,,,,,,,,
1250.901,113.8,,115.0,,,,,,,,,,,,,,,,,,,,,,,,,,,,,,
1251.051,113.3,,115.0,,,,,,,,,,,,,,,,,,,,,,,,,,,,,,
1251.201,113.3,,115.0,,,,,,,,,,,,,,,,,,,,,,,,,,,,,,
1251.35,114.2,,115.0,,,,,,,,,,,,,,,,,,,,,,,,,,,,,,
1251.5,114.6,,115.0,,,,,,,,,,,,,,,,,,,,,,,,,,,,,,
1251.65,116.0,,115.0,,,,,,,,,,,,,,,,,,,,,,,,,,,,,,
1251.8,116.4,,115.0,,,,61.98,,,,,,,,,,,,,,,,,,,,,,,,,,
1251.951,116.0,,115.0,,,,,,,,,,,,,,,,,,,,,,,,,,,,,,
1252.1,115.5,,115.0,,,,,,,,,,,,,,,,,,,,,,,,,,,,,,
1252.25,115.1,,115.0,,,,,,,,,,,,,,,,,,,,,,,,,,,,,,
1252.4,113.8,,115.0,,,,,,,,,,,,,,,,,,,,,,,,,,,,,,
1252.55,113.3,,115.0,,,,,,,,,,,,,,,,,,,,,,,,,,,,,,
1252.701,113.3,,115.0,,,,,,,,,,,,,,,,,,,,,,,,,,,,,,
1252.851,113.3,,115.0,,,,62.07,,,,,,,,,,,,,,,,,,,,,,,,,,
1253.001,113.8,,115.0,,,,,,,,,,,,,,,,,,,,,,,,,,,,,,
1253.15,114.2,,115.0,,,,,,,,,,,,,,,,,,,,,,,,,,,,,,
1253.3,115.1,,115.0,,,,,,,,,,,,,,,,,,,,,,,,,,,,,,
1253.45,116.0,,115.0,,,,,,,,,,,,,,,,,,,,,,,,,,,,,,
1253.6,116.4,,115.0,,,,,,,,,,,,,,,,,,,,,,,,,,,,,,
1253.751,116.0,,115.0,,,,,,,,,,,,,,,,,,,,,,,,,,,,,,
1253.9,115.1,,115.0,,,,64.02,,,,,,,,,,,,,,,,,,,,,,,,,,
1254.05,114.2,,115.0,,,,,,,,,,,,,,,,,,,,,,,,,,,,,,
1254.2,113.8,,115.0,,,,,,,,,,,,,,,,,,,,,,,,,,,,,,
1254.35,113.3,,115.0,,,,,,,,,,,,,,,,,,,,,,,,,,,,,,
1254.501,113.3,,115.0,,,,,,,,,,,,,,,,,,,,,,,,,,,,,,
1254.65,113.8,,115.0,,,,,,,,,,,,,,,,,,,,,,,,,,,,,,
1254.8,114.2,,115.0,,,,64.72,,,,,,,,,,,,,,,,,,,,,,,,,,
1254.95,115.1,,115.0,,,,,,,,,,,,,,,,,,,,,,,,,,,,,,
1255.1,115.5,,115.0,,,,,,,,,,,,,,,,,,,,,,,,,,,,,,
1255.25,116.0,,115.0,,,,,,,,,,,,,,,,,,,,,,,,,,,,,,
1255.401,115.5,,115.0,,,,,,,,,,,,,,,,,,,,,,,,,,,,,,
1255.551,115.5,,115.0,,,,,,,,,,,,,,,,,,,,,,,,,,,,,,
1255.7,114.6,,115.0,,,,,,,,,,,,,,,,,,,,,,,,,,,,,,
1255.85,113.8,,115.0,,,,65.0,,,,,,,,,,,,,,,,,,,,,,,,,,
1256.001,113.8,,115.0,,,,,,,,,,,,,,,,,,,,,,,,,,,,,,
1256.15,113.8,,115.0,,,,,,,,,,,,,,,,,,,,,,,,,,,,,,
1256.3,113.8,,115.0,,,,,,,,,,,,,,,,,,,,,,,,,,,,,,
1256.45,114.2,,115.0,,,,,,,,,,,,,,,,,,,,,,,,,,,,,,
1256.6,114.6,,115.0,,,,,,,,,,,,,,,,,,,,,,,,,,,,,,
1256.75,115.1,,115.0,,,,,,,,,,,,,,,,,,,,,,,,,,,,,,
1256.9,116.0,,115.0,,,,64.62,,,,,,,,,,,,,,,,,,,,,,,,,,
1257.051,116.0,,115.0,,,,,,,,,,,,,,,,,,,,,,,,,,,,,,
1257.201,116.4,,115.0,,,,,,,,,,,,,,,,,,,,,,,,,,,,,,
1257.35,115.5,,115.0,,,,,,,,,,,,,,,,,,,,,,,,,,,,,,
1257.5,115.1,,115.0,,,,,,,,,,,,,,,,,,,,,,,,,,,,,,
1257.65,114.2,,115.0,,,,,,,,,,,,,,,,,,,,,,,,,,,,,,
1257.8,113.8,,115.0,,,,66.13,,,,,,,,,,,,,,,,,,,,,,,,,,
1257.95,113.3,,115.0,,,,,,,,,,,,,,,,,,,,,,,,,,,,,,
1258.101,113.8,,115.0,,,,,,,,,,,,,,,,,,,,,,,,,,,,,,
1258.25,114.2,,115.0,,,,,,,,,,,,,,,,,,,,,,,,,,,,,,
1258.4,114.6,,115.0,,,,,,,,,,,,,,,,,,,,,,,,,,,,,,
1258.55,115.5,,115.0,,,,,,,,,,,,,,,,,,,,,,,,,,,,,,
1258.701,115.5,,115.0,,,,,,,,,,,,,,,,,,,,,,,,,,,,,,
1258.851,115.5,,115.0,,,,66.58,,,,,,,,,,,,,,,,,,,,,,,,,,
1259.001,115.5,,115.0,,,,,,,,,,,,,,,,,,,,,,,,,,,,,,
1259.15,114.6,,115.0,,,,,,,,,,,,,,,,,,,,,,,,,,,,,,
1259.3,113.8,,115.0,,,,,,,,,,,,,,,,,,,,,,,,,,,,,,
1259.45,113.3,,115.0,,,,,,,,,,,,,,,,,,,,,,,,,,,,,,
1259.601,113.8,,115.0,,,,,,,,,,,,,,,,,,,,,,,,,,,,,,
1259.751,113.8,,115.0,,,,,,,,,,,,,,,,,,,,,,,,,,,,,,
1259.901,114.2,,115.0,,,,67.34,,,,,,,,,,,,,,,,,,,,,,,,,,
1260.05,115.1,,115.0,,,,,,,,,,,,,,,,,,,,,,,,,,,,,,
1260.2,115.5,,115.0,,,,,,,,,,,,,,,,,,,,,,,,,,,,,,
1260.351,116.0,,115.0,,,,,,,,,,,,,,,,,,,,,,,,,,,,,,
1260.5,115.1,,115.0,,,,,,,,,,,,,,,,,,,,,,,,,,,,,,
1260.65,114.6,,115.0,,,,,,,,,,,,,,,,,,,,,,,,,,,,,,
1260.8,113.8,,115.0,,,,,,,,,,,,,,,,,,,,,,,,,,,,,,
1260.95,113.3,,115.0,,,,69.07,,,,,,,,,,,,,,,,,,,,,,,,,,
1261.101,113.8,,115.0,,,,,,,,,,,,,,,,,,,,,,,,,,,,,,
1261.25,114.2,,115.0,,,,,,,,,,,,,,,,,,,,,,,,,,,,,,
1261.4,114.6,,115.0,,,,,,,,,,,,,,,,,,,,,,,,,,,,,,
1261.55,115.5,,115.0,,,,,,,,,,,,,,,,,,,,,,,,,,,,,,
1261.7,116.0,,115.0,,,,,,,,,,,,,,,,,,,,,,,,,,,,,,
1261.851,115.5,,115.0,,,,69.7,,,,,,,,,,,,,,,,,,,,,,,,,,
1262.0,115.1,,115.0,,,,,,,,,,,,,,,,,,,,,,,,,,,,,,
1262.15,114.2,,115.0,,,,,,,,,,,,,,,,,,,,,,,,,,,,,,
1262.3,113.8,,115.0,,,,,,,,,,,,,,,,,,,,,,,,,,,,,,
1262.45,113.8,,115.0,,,,,,,,,,,,,,,,,,,,,,,,,,,,,,
1262.601,114.2,,115.0,,,,,,,,,,,,,,,,,,,,,,,,,,,,,,
1262.751,114.6,,115.0,,,,,,,,,,,,,,,,,,,,,,,,,,,,,,
1262.9,115.1,,115.0,,,,71.53,,,,,,,,,,,,,,,,,,,,,,,,,,
1263.05,116.0,,115.0,,,,,,,,,,,,,,,,,,,,,,,,,,,,,,
1263.201,116.0,,115.0,,,,,,,,,,,,,,,,,,,,,,,,,,,,,,
1263.351,116.0,,115.0,,,,,,,,,,,,,,,,,,,,,,,,,,,,,,
1263.5,115.1,,115.0,,,,,,,,,,,,,,,,,,,,,,,,,,,,,,
1263.65,114.6,,115.0,,,,,,,,,,,,,,,,,,,,,,,,,,,,,,
1263.8,113.8,,115.0,,,,,,,,,,,,,,,,,,,,,,,,,,,,,,
1263.95,113.3,,115.0,,,,71.07,,,,,,,,,,,,,,,,,,,,,,,,,,
1264.1,113.8,,115.0,,,,,,,,,,,,,,,,,,,,,,,,,,,,,,
1264.251,113.8,,115.0,,,,,,,,,,,,,,,,,,,,,,,,,,,,,,
1264.4,114.2,,115.0,,,,,,,,,,,,,,,,,,,,,,,,,,,,,,
1264.55,115.1,,115.0,,,,,,,,,,,,,,,,,,,,,,,,,,,,,,
1264.7,116.0,,115.0,,,,,,,,,,,,,,,,,,,,,,,,,,,,,,
1264.851,115.5,,115.0,,,,,,,,,,,,,,,,,,,,,,,,,,,,,,
1265.0,115.1,,115.0,,,,70.12,,,,,,,,,,,,,,,,,,,,,,,,,,
1265.15,114.6,,115.0,,,,,,,,,,,,,,,,,,,,,,,,,,,,,,
1265.3,113.8,,115.0,,,,,,,,,,,,,,,,,,,,,,,,,,,,,,
1265.45,113.3,,115.0,,,,,,,,,,,,,,,,,,,,,,,,,,,,,,
1265.601,113.3,,115.0,,,,,,,,,,,,,,,,,,,,,,,,,,,,,,
1265.751,113.8,,115.0,,,,,,,,,,,,,,,,,,,,,,,,,,,,,,
1265.901,114.2,,115.0,,,,69.55,,,,,,,,,,,,,,,,,,,,,,,,,,
1266.05,115.1,,115.0,,,,,,,,,,,,,,,,,,,,,,,,,,,,,,
1266.2,115.5,,115.0,,,,,,,,,,,,,,,,,,,,,,,,,,,,,,
1266.35,116.0,,115.0,,,,,,,,,,,,,,,,,,,,,,,,,,,,,,
1266.501,116.0,,115.0,,,,,,,,,,,,,,,,,,,,,,,,,,,,,,
1266.65,115.5,,115.0,,,,,,,,,,,,,,,,,,,,,,,,,,,,,,
1266.8,114.6,,115.0,,,,,,,,,,,,,,,,,,,,,,,,,,,,,,
1266.95,114.6,,115.0,,,,69.81,,,,,,,,,,,,,,,,,,,,,,,,,,
1267.1,113.8,,115.0,,,,,,,,,,,,,,,,,,,,,,,,,,,,,,
1267.251,113.8,,115.0,,,,,,,,,,,,,,,,,,,,,,,,,,,,,,
1267.4,114.2,,115.0,,,,,,,,,,,,,,,,,,,,,,,,,,,,,,
1267.55,114.6,,115.0,,,,,,,,,,,,,,,,,,,,,,,,,,,,,,
1267.7,115.5,,115.0,,,,,,,,,,,,,,,,,,,,,,,,,,,,,,
1267.85,116.0,,115.0,,,,,,,,,,,,,,,,,,,,,,,,,,,,,,
1268.001,116.0,,115.0,,,,69.99,,,,,,,,,,,,,,,,,,,,,,,,,,
1268.15,115.1,,115.0,,,,,,,,,,,,,,,,,,,,,,,,,,,,,,
1268.3,114.6,,115.0,,,,,,,,,,,,,,,,,,,,,,,,,,,,,,
1268.45,114.2,,115.0,,,,,,,,,,,,,,,,,,,,,,,,,,,,,,
1268.6,113.3,,115.0,,,,,,,,,,,,,,,,,,,,,,,,,,,,,,
1268.751,113.8,,115.0,,,,,,,,,,,,,,,,,,,,,,,,,,,,,,
1268.9,114.2,,115.0,,,,,,,,,,,,,,,,,,,,,,,,,,,,,,
1269.05,114.6,,115.0,,,,72.21,,,,,,,,,,,,,,,,,,,,,,,,,,
1269.2,116.0,,115.0,,,,,,,,,,,,,,,,,,,,,,,,,,,,,,
1269.35,116.4,,115.0,,,,,,,,,,,,,,,,,,,,,,,,,,,,,,
1269.501,116.4,,115.0,,,,,,,,,,,,,,,,,,,,,,,,,,,,,,
1269.651,116.0,,115.0,,,,,,,,,,,,,,,,,,,,,,,,,,,,,,
1269.801,115.5,,115.0,,,,,,,,,,,,,,,,,,,,,,,,,,,,,,
1269.95,114.6,,115.0,,,,72.44,,,,,,,,,,,,,,,,,,,,,,,,,,
1270.1,113.8,,115.0,,,,,,,,,,,,,,,,,,,,,,,,,,,,,,
1270.25,112.9,,115.0,,,,,,,,,,,,,,,,,,,,,,,,,,,,,,
1270.401,113.3,,115.0,,,,,,,,,,,,,,,,,,,,,,,,,,,,,,
1270.55,113.8,,115.0,,,,,,,,,,,,,,,,,,,,,,,,,,,,,,
1270.7,114.6,,115.0,,,,,,,,,,,,,,,,,,,,,,,,,,,,,,
1270.85,115.1,,115.0,,,,,,,,,,,,,,,,,,,,,,,,,,,,,,
1271.0,115.1,,115.0,,,,72.98,,,,,,,,,,,,,,,,,,,,,,,,,,
1271.151,115.1,,115.0,,,,,,,,,,,,,,,,,,,,,,,,,,,,,,
1271.301,115.1,,115.0,,,,,,,,,,,,,,,,,,,,,,,,,,,,,,
1271.45,114.2,,115.0,,,,,,,,,,,,,,,,,,,,,,,,,,,,,,
1271.6,113.8,,115.0,,,,,,,,,,,,,,,,,,,,,,,,,,,,,,
1271.751,114.2,,115.0,,,,,,,,,,,,,,,,,,,,,,,,,,,,,,
1271.9,114.2,,115.0,,,,,,,,,,,,,,,,,,,,,,,,,,,,,,
1272.05,114.6,,115.0,,,,72.64,,,,,,,,,,,,,,,,,,,,,,,,,,
1272.2,115.5,,115.0,,,,,,,,,,,,,,,,,,,,,,,,,,,,,,
1272.35,116.0,,115.0,,,,,,,,,,,,,,,,,,,,,,,,,,,,,,
1272.5,116.4,,115.0,,,,,,,,,,,,,,,,,,,,,,,,,,,,,,
1272.65,115.5,,115.0,,,,,,,,,,,,,,,,,,,,,,,,,,,,,,
1272.8,115.5,,115.0,,,,,,,,,,,,,,,,,,,,,,,,,,,,,,
1272.95,114.2,,115.0,,,,,,,,,,,,,,,,,,,,,,,,,,,,,,
1273.1,113.8,,115.0,,,,72.36,,,,,,,,,,,,,,,,,,,,,,,,,,
1273.25,113.3,,115.0,,,,,,,,,,,,,,,,,,,,,,,,,,,,,,
1273.401,113.8,,115.0,,,,,,,,,,,,,,,,,,,,,,,,,,,,,,
1273.55,114.6,,115.0,,,,,,,,,,,,,,,,,,,,,,,,,,,,,,
1273.7,115.1,,115.0,,,,,,,,,,,,,,,,,,,,,,,,,,,,,,
1273.85,115.5,,115.0,,,,,,,,,,,,,,,,,,,,,,,,,,,,,,
1274.0,116.4,,115.0,,,,72.09,,,,,,,,,,,,,,,,,,,,,,,,,,
1274.15,115.5,,115.0,,,,,,,,,,,,,,,,,,,,,,,,,,,,,,
1274.3,115.1,,115.0,,,,,,,,,,,,,,,,,,,,,,,,,,,,,,
1274.45,114.2,,115.0,,,,,,,,,,,,,,,,,,,,,,,,,,,,,,
1274.6,113.3,,115.0,,,,,,,,,,,,,,,,,,,,,,,,,,,,,,
1274.75,113.3,,115.0,,,,,,,,,,,,,,,,,,,,,,,,,,,,,,
1274.901,113.8,,115.0,,,,,,,,,,,,,,,,,,,,,,,,,,,,,,
1275.05,114.6,,115.0,,,,72.91,,,,,,,,,,,,,,,,,,,,,,,,,,
1275.2,115.1,,115.0,,,,,,,,,,,,,,,,,,,,,,,,,,,,,,
1275.35,116.0,,115.0,,,,,,,,,,,,,,,,,,,,,,,,,,,,,,
1275.5,116.4,,115.0,,,,,,,,,,,,,,,,,,,,,,,,,,,,,,
1275.651,116.0,,115.0,,,,,,,,,,,,,,,,,,,,,,,,,,,,,,
1275.801,116.0,,115.0,,,,,,,,,,,,,,,,,,,,,,,,,,,,,,
1275.95,115.1,,115.0,,,,,,,,,,,,,,,,,,,,,,,,,,,,,,
1276.1,114.6,,115.0,,,,75.18,,,,,,,,,,,,,,,,,,,,,,,,,,
1276.25,113.8,,115.0,,,,,,,,,,,,,,,,,,,,,,,,,,,,,,
1276.4,112.9,,115.0,,,,,,,,,,,,,,,,,,,,,,,,,,,,,,
1276.551,112.9,,115.0,,,,,,,,,,,,,,,,,,,,,,,,,,,,,,
1276.7,113.3,,115.0,,,,,,,,,,,,,,,,,,,,,,,,,,,,,,
1276.85,114.2,,115.0,,,,,,,,,,,,,,,,,,,,,,,,,,,,,,
1277.0,114.6,,115.0,,,,,,,,,,,,,,,,,,,,,,,,,,,,,,
1277.15,115.5,,115.0,,,,77.12,,,,,,,,,,,,,,,,,,,,,,,,,,
1277.3,116.0,,115.0,,,,,,,,,,,,,,,,,,,,,,,,,,,,,,
1277.45,116.4,,115.0,,,,,,,,,,,,,,,,,,,,,,,,,,,,,,
1277.601,116.0,,115.0,,,,,,,,,,,,,,,,,,,,,,,,,,,,,,
1277.75,115.5,,115.0,,,,,,,,,,,,,,,,,,,,,,,,,,,,,,
1277.9,114.6,,115.0,,,,,,,,,,,,,,,,,,,,,,,,,,,,,,
1278.05,114.2,,115.0,,,,75.33,,,,,,,,,,,,,,,,,,,,,,,,,,
1278.2,113.3,,115.0,,,,,,,,,,,,,,,,,,,,,,,,,,,,,,
1278.35,113.3,,115.0,,,,,,,,,,,,,,,,,,,,,,,,,,,,,,
1278.501,113.8,,115.0,,,,,,,,,,,,,,,,,,,,,,,,,,,,,,
1278.65,114.2,,115.0,,,,,,,,,,,,,,,,,,,,,,,,,,,,,,
1278.8,115.1,,115.0,,,,,,,,,,,,,,,,,,,,,,,,,,,,,,
1278.95,116.0,,115.0,,,,,,,,,,,,,,,,,,,,,,,,,,,,,,
1279.101,116.0,,115.0,,,,76.38,,,,,,,,,,,,,,,,,,,,,,,,,,
1279.25,115.5,,115.0,,,,,,,,,,,,,,,,,,,,,,,,,,,,,,
1279.4,115.1,,115.0,,,,,,,,,,,,,,,,,,,,,,,,,,,,,,
1279.55,114.6,,115.0,,,,,,,,,,,,,,,,,,,,,,,,,,,,,,
1279.7,113.8,,115.0,,,,,,,,,,,,,,,,,,,,,,,,,,,,,,
1279.85,113.3,,115.0,,,,,,,,,,,,,,,,,,,,,,,,,,,,,,
1280.001,113.8,,115.0,,,,,,,,,,,,,,,,,,,,,,,,,,,,,,
1280.151,113.8,,115.0,,,,74.59,,,,,,,,,,,,,,,,,,,,,,,,,,
1280.3,114.6,,115.0,,,,,,,,,,,,,,,,,,,,,,,,,,,,,,
1280.45,115.5,,115.0,,,,,,,,,,,,,,,,,,,,,,,,,,,,,,
1280.601,115.5,,115.0,,,,,,,,,,,,,,,,,,,,,,,,,,,,,,
1280.75,115.5,,115.0,,,,,,,,,,,,,,,,,,,,,,,,,,,,,,
1280.901,116.0,,115.0,,,,,,,,,,,,,,,,,,,,,,,,,,,,,,
1281.05,114.6,,115.0,,,,,,,,,,,,,,,,,,,,,,,,,,,,,,
1281.2,114.6,,115.0,,,,76.2,,,,,,,,,,,,,,,,,,,,,,,,,,
1281.35,113.3,,115.0,,,,,,,,,,,,,,,,,,,,,,,,,,,,,,
1281.5,114.2,,115.0,,,,,,,,,,,,,,,,,,,,,,,,,,,,,,
1281.65,114.2,,115.0,,,,,,,,,,,,,,,,,,,,,,,,,,,,,,
1281.801,114.6,,115.0,,,,,,,,,,,,,,,,,,,,,,,,,,,,,,
1281.95,115.5,,115.0,,,,,,,,,,,,,,,,,,,,,,,,,,,,,,
1282.1,116.0,,115.0,,,,79.24,,,,,,,,,,,,,,,,,,,,,,,,,,
1282.251,116.0,,115.0,,,,,,,,,,,,,,,,,,,,,,,,,,,,,,
1282.4,115.5,,115.0,,,,,,,,,,,,,,,,,,,,,,,,,,,,,,
1282.55,115.1,,115.0,,,,,,,,,,,,,,,,,,,,,,,,,,,,,,
1282.7,114.6,,115.0,,,,,,,,,,,,,,,,,,,,,,,,,,,,,,
1282.85,113.8,,115.0,,,,,,,,,,,,,,,,,,,,,,,,,,,,,,
1283.001,113.8,,115.0,,,,,,,,,,,,,,,,,,,,,,,,,,,,,,
1283.151,113.8,,115.0,,,,79.49,,,,,,,,,,,,,,,,,,,,,,,,,,
1283.3,114.2,,115.0,,,,,,,,,,,,,,,,,,,,,,,,,,,,,,
1283.45,115.1,,115.0,,,,,,,,,,,,,,,,,,,,,,,,,,,,,,
1283.6,115.5,,115.0,,,,,,,,,,,,,,,,,,,,,,,,,,,,,,
1283.75,116.0,,115.0,,,,,,,,,,,,,,,,,,,,,,,,,,,,,,
1283.901,115.5,,115.0,,,,,,,,,,,,,,,,,,,,,,,,,,,,,,
1284.05,115.1,,115.0,,,,,,,,,,,,,,,,,,,,,,,,,,,,,,
1284.2,114.6,,115.0,,,,82.25,,,,,,,,,,,,,,,,,,,,,,,,,,
1284.35,114.2,,115.0,,,,,,,,,,,,,,,,,,,,,,,,,,,,,,
1284.5,113.3,,115.0,,,,,,,,,,,,,,,,,,,,,,,,,,,,,,
1284.651,113.8,,115.0,,,,,,,,,,,,,,,,,,,,,,,,,,,,,,
1284.8,114.6,,115.0,,,,,,,,,,,,,,,,,,,,,,,,,,,,,,
1284.95,115.1,,115.0,,,,,,,,,,,,,,,,,,,,,,,,,,,,,,
1285.101,115.5,,115.0,,,,,,,,,,,,,,,,,,,,,,,,,,,,,,
1285.251,115.5,,115.0,,,,80.99,,,,,,,,,,,,,,,,,,,,,,,,,,
1285.401,115.5,,115.0,,,,,,,,,,,,,,,,,,,,,,,,,,,,,,
1285.551,115.5,,115.0,,,,,,,,,,,,,,,,,,,,,,,,,,,,,,
1285.701,115.1,,115.0,,,,,,,,,,,,,,,,,,,,,,,,,,,,,,
1285.85,113.8,,115.0,,,,,,,,,,,,,,,,,,,,,,,,,,,,,,
1286.0,113.3,,115.0,,,,,,,,,,,,,,,,,,,,,,,,,,,,,,
1286.15,113.3,,115.0,,,,77.32,,,,,,,,,,,,,,,,,,,,,,,,,,
1286.301,113.8,,115.0,,,,,,,,,,,,,,,,,,,,,,,,,,,,,,
1286.451,113.8,,115.0,,,,,,,,,,,,,,,,,,,,,,,,,,,,,,
1286.6,114.6,,115.0,,,,,,,,,,,,,,,,,,,,,,,,,,,,,,
1286.75,116.0,,115.0,,,,,,,,,,,,,,,,,,,,,,,,,,,,,,
1286.901,116.0,,115.0,,,,,,,,,,,,,,,,,,,,,,,,,,,,,,
1287.051,116.4,,115.0,,,,,,,,,,,,,,,,,,,,,,,,,,,,,,
1287.201,116.0,,115.0,,,,82.54,,,,,,,,,,,,,,,,,,,,,,,,,,
1287.35,115.5,,115.0,,,,,,,,,,,,,,,,,,,,,,,,,,,,,,
1287.5,114.6,,115.0,,,,,,,,,,,,,,,,,,,,,,,,,,,,,,
1287.65,113.8,,115.0,,,,,,,,,,,,,,,,,,,,,,,,,,,,,,
1287.801,113.8,,115.0,,,,,,,,,,,,,,,,,,,,,,,,,,,,,,
1287.951,113.8,,115.0,,,,,,,,,,,,,,,,,,,,,,,,,,,,,,
1288.101,114.2,,115.0,,,,,,,,,,,,,,,,,,,,,,,,,,,,,,
1288.25,115.1,,115.0,,,,84.21,,,,,,,,,,,,,,,,,,,,,,,,,,
1288.4,116.0,,115.0,,,,,,,,,,,,,,,,,,,,,,,,,,,,,,
1288.551,116.4,,115.0,,,,,,,,,,,,,,,,,,,,,,,,,,,,,,
1288.701,116.0,,115.0,,,,,,,,,,,,,,,,,,,,,,,,,,,,,,
1289.326,,,,,,,82.91,,,,,,,,,,,,,,,,,,,,,,,,,,
1290.303,,,,,,,82.11,,,,,,,,,,,,,,,,,,,,,,,,,,
1291.284,,,,,,,81.32,,,,,,,,,,,,,,,,,,,,,,,,,,
1292.311,,,,,,,80.34,,,,,,,,,,,,,,,,,,,,,,,,,,
1293.287,,,,,,,81.09,,,,,,,,,,,,,,,,,,,,,,,,,,
1294.333,,,,,,,79.26,,,,,,,,,,,,,,,,,,,,,,,,,,
1295.322,,,,,,,73.37,,,,,,,,,,,,,,,,,,,,,,,,,,
